episode_id,turnover_in_dzone,forced_dump_out,controlled_exit_allowed,gmm_component,gmm_max_posterior
2025-10-11.Team.A.@.Team.D__0000,1,0,0,0,0.9996802025879139
2025-10-11.Team.A.@.Team.D__0001,0,0,1,1,0.9225344063977585
2025-10-11.Team.A.@.Team.D__0003,0,1,0,1,0.9999999998912661
2025-10-11.Team.A.@.Team.D__0004,0,0,1,2,0.9999999999999991
2025-10-11.Team.A.@.Team.D__0005,0,0,1,0,0.9997993647966087
2025-10-11.Team.A.@.Team.D__0006,1,0,0,2,0.9999524968519168
2025-10-11.Team.A.@.Team.D__0007,1,0,0,0,0.9999476024091661
2025-10-11.Team.A.@.Team.D__0008,1,0,0,1,0.9999992971503034
2025-10-11.Team.A.@.Team.D__0009,0,0,0,2,0.9983747426541676
2025-10-11.Team.A.@.Team.D__0010,1,0,0,0,0.7847057602796519
2025-10-11.Team.A.@.Team.D__0011,0,0,1,5,0.9989538937142965
2025-10-11.Team.A.@.Team.D__0012,1,0,0,1,0.9999992172645865
2025-10-11.Team.A.@.Team.D__0013,1,0,0,1,0.9999999999987974
2025-10-11.Team.A.@.Team.D__0014,1,0,0,2,0.9953491341881313
2025-10-11.Team.A.@.Team.D__0015,0,0,1,3,0.7337596955605785
2025-10-11.Team.A.@.Team.D__0016,0,0,1,0,0.9998998942600089
2025-10-11.Team.A.@.Team.D__0017,0,1,0,0,0.8285194890541824
2025-10-11.Team.A.@.Team.D__0018,0,0,1,0,0.9974519200831576
2025-10-11.Team.A.@.Team.D__0019,0,0,1,5,0.9997665352316504
2025-10-11.Team.A.@.Team.D__0020,0,0,1,5,0.9999584761236949
2025-10-11.Team.A.@.Team.D__0022,0,0,1,2,0.7490368462055635
2025-10-11.Team.A.@.Team.D__0023,1,0,0,1,0.9999990754199857
2025-10-11.Team.A.@.Team.D__0024,0,0,1,0,0.9999998799999635
2025-10-11.Team.A.@.Team.D__0025,0,1,0,0,0.9999662128935225
2025-10-11.Team.A.@.Team.D__0026,1,0,0,0,0.9743101262336716
2025-10-11.Team.A.@.Team.D__0028,1,0,0,0,0.9999991167912334
2025-10-11.Team.A.@.Team.D__0030,0,1,0,0,0.9999999493739201
2025-10-11.Team.A.@.Team.D__0031,0,0,1,4,0.9967716635350911
2025-10-11.Team.A.@.Team.D__0032,0,0,1,0,0.9999883756394873
2025-10-11.Team.A.@.Team.D__0033,0,0,1,1,0.999997097701187
2025-10-11.Team.A.@.Team.D__0034,0,0,1,0,0.7730243720305457
2025-10-11.Team.A.@.Team.D__0036,0,1,0,1,0.9103023884365372
2025-10-11.Team.A.@.Team.D__0037,1,0,0,5,0.9999643370619873
2025-10-11.Team.A.@.Team.D__0038,1,0,0,2,0.9997631974301534
2025-10-11.Team.A.@.Team.D__0040,1,0,0,2,0.9999999769607795
2025-10-11.Team.A.@.Team.D__0041,0,1,0,2,0.9999997838346324
2025-10-11.Team.A.@.Team.D__0042,0,0,1,5,0.9979922447163445
2025-10-11.Team.A.@.Team.D__0043,0,1,0,0,0.9999998417186761
2025-10-11.Team.A.@.Team.D__0044,1,0,0,2,0.9998908868878865
2025-10-11.Team.A.@.Team.D__0045,0,1,0,0,0.9999969452650196
2025-10-11.Team.A.@.Team.D__0046,0,1,0,5,0.9989371928665282
2025-10-11.Team.A.@.Team.D__0047,1,0,0,4,0.9999999990668265
2025-10-11.Team.A.@.Team.D__0048,0,0,1,0,0.9545005026750296
2025-10-11.Team.A.@.Team.D__0050,1,0,0,0,0.9999986103916562
2025-10-11.Team.A.@.Team.D__0051,0,1,0,0,0.9264239352889746
2025-10-11.Team.A.@.Team.D__0052,1,0,0,0,0.9999345018981044
2025-10-11.Team.A.@.Team.D__0053,1,0,0,0,0.9999999881966595
2025-10-11.Team.A.@.Team.D__0054,1,0,0,0,0.9237186480873062
2025-10-11.Team.A.@.Team.D__0055,0,0,1,5,0.9998438202394423
2025-10-11.Team.A.@.Team.D__0056,1,0,0,0,0.9999998767737268
2025-10-11.Team.A.@.Team.D__0058,0,1,0,0,0.9999999817286228
2025-10-11.Team.A.@.Team.D__0059,1,0,0,5,0.5330625737424011
2025-10-11.Team.A.@.Team.D__0060,1,0,0,3,0.7445074046123037
2025-10-11.Team.A.@.Team.D__0061,0,1,0,0,0.9999999813504166
2025-10-11.Team.A.@.Team.D__0062,0,0,1,5,0.9934191597428571
2025-10-11.Team.A.@.Team.D__0063,1,0,0,0,0.9999994258678068
2025-10-11.Team.A.@.Team.D__0064,0,0,1,3,0.9997394480106278
2025-10-11.Team.A.@.Team.D__0065,0,0,1,5,0.9999633709231042
2025-10-11.Team.A.@.Team.D__0066,0,0,1,0,0.9999998593106536
2025-10-11.Team.A.@.Team.D__0067,1,0,0,5,0.9999022250347858
2025-10-11.Team.A.@.Team.D__0068,1,0,0,2,0.9859351177721745
2025-10-11.Team.A.@.Team.D__0069,0,1,0,0,0.550263506925069
2025-10-11.Team.A.@.Team.D__0070,1,0,0,0,0.9953824970142884
2025-10-11.Team.A.@.Team.D__0071,0,0,1,0,0.5338103427553372
2025-10-11.Team.A.@.Team.D__0072,0,1,0,0,0.9999999999266711
2025-10-11.Team.A.@.Team.D__0073,0,0,1,0,0.9999981081508037
2025-10-11.Team.A.@.Team.D__0074,0,1,0,3,1.0
2025-10-11.Team.A.@.Team.D__0075,0,0,1,4,0.9999999993170761
2025-10-11.Team.A.@.Team.D__0076,0,0,1,0,0.98935278181088
2025-10-11.Team.A.@.Team.D__0077,1,0,0,0,0.9820080431116139
2025-10-11.Team.A.@.Team.D__0078,0,0,1,0,0.9808178482265688
2025-10-11.Team.A.@.Team.D__0079,0,1,0,5,0.9991292642051731
2025-10-11.Team.A.@.Team.D__0080,0,0,1,5,0.9996046493397774
2025-10-11.Team.A.@.Team.D__0081,0,0,1,0,0.9999986755943993
2025-10-11.Team.A.@.Team.D__0082,0,1,0,1,0.9999964055754449
2025-10-11.Team.A.@.Team.D__0083,0,0,1,2,0.9999637827619662
2025-10-11.Team.A.@.Team.D__0084,1,0,0,0,0.9999994333104958
2025-10-11.Team.A.@.Team.D__0085,1,0,0,5,0.9999673564740837
2025-10-11.Team.A.@.Team.D__0086,0,1,0,1,0.9999996883991292
2025-10-11.Team.A.@.Team.D__0087,0,0,0,0,0.9999999999798903
2025-10-11.Team.A.@.Team.D__0088,0,1,0,0,0.9963715287446171
2025-10-11.Team.A.@.Team.D__0089,0,1,0,1,0.8815881090963383
2025-10-11.Team.A.@.Team.D__0090,1,0,0,0,0.9999987568793021
2025-10-11.Team.A.@.Team.D__0091,0,0,1,5,0.9999648496722134
2025-10-11.Team.A.@.Team.D__0092,0,1,0,1,0.9994878113313904
2025-10-11.Team.A.@.Team.D__0093,1,0,0,1,0.9615506180282092
2025-10-11.Team.A.@.Team.D__0094,1,0,0,0,0.9997575382004777
2025-10-11.Team.A.@.Team.D__0096,0,0,1,5,0.9997262378018237
2025-10-11.Team.A.@.Team.D__0097,1,0,0,3,0.9999999103759807
2025-10-11.Team.A.@.Team.D__0098,1,0,0,2,0.9399596254576574
2025-10-11.Team.A.@.Team.D__0099,0,0,1,2,0.9999999423384053
2025-10-11.Team.A.@.Team.D__0100,0,0,1,5,0.9994798941533146
2025-10-11.Team.A.@.Team.D__0101,0,0,1,5,0.9993484884192524
2025-10-11.Team.A.@.Team.D__0102,0,1,0,1,0.9999993478871655
2025-10-11.Team.A.@.Team.D__0103,1,0,0,5,0.9999131412355292
2025-10-11.Team.A.@.Team.D__0107,0,0,1,1,0.9993325652295841
2025-10-11.Team.A.@.Team.D__0108,0,0,1,4,0.9999998726412233
2025-10-11.Team.A.@.Team.D__0110,0,0,0,5,0.9999971776201347
2025-10-11.Team.A.@.Team.D__0112,0,0,1,1,0.9972940692070807
2025-10-11.Team.A.@.Team.D__0114,0,0,0,5,0.999860177824747
2025-10-11.Team.A.@.Team.D__0115,0,0,1,5,0.9553679128237416
2025-10-11.Team.A.@.Team.D__0117,1,0,0,0,0.9999999671687482
2025-10-11.Team.A.@.Team.D__0118,0,0,1,5,0.9997739634847482
2025-10-11.Team.A.@.Team.D__0119,0,0,1,3,0.9999999998802611
2025-10-11.Team.A.@.Team.D__0120,0,1,0,2,0.9999969239334099
2025-10-11.Team.A.@.Team.D__0121,0,0,1,3,0.9999995578897609
2025-10-11.Team.A.@.Team.D__0122,0,0,1,2,0.9999912026507402
2025-10-11.Team.A.@.Team.D__0123,0,0,0,1,0.9999999963581043
2025-10-11.Team.A.@.Team.D__0124,0,0,1,5,0.9809781314479982
2025-10-11.Team.A.@.Team.D__0127,0,0,1,2,0.9999485659988131
2025-10-11.Team.A.@.Team.D__0129,1,0,0,2,0.9910196812390338
2025-10-11.Team.A.@.Team.D__0130,0,0,1,2,0.999997059921329
2025-10-11.Team.A.@.Team.D__0131,0,0,1,2,0.9998783487637106
2025-10-11.Team.A.@.Team.D__0132,0,0,1,0,0.9999867710541869
2025-10-11.Team.A.@.Team.D__0133,0,0,1,2,0.9999994803799712
2025-10-11.Team.A.@.Team.D__0134,0,0,1,3,0.9743795909888247
2025-10-11.Team.A.@.Team.D__0135,0,0,1,2,0.9999999466629866
2025-10-11.Team.A.@.Team.D__0136,0,0,1,0,0.9635137981817026
2025-10-11.Team.A.@.Team.D__0137,0,0,1,1,0.9980313904477695
2025-10-11.Team.A.@.Team.D__0140,0,1,0,3,0.9999999997482618
2025-10-11.Team.A.@.Team.D__0141,0,0,1,3,0.9378694012070878
2025-10-11.Team.A.@.Team.D__0143,0,0,1,5,0.9998359989438926
2025-10-11.Team.A.@.Team.D__0144,0,0,1,5,0.9988614264155461
2025-10-11.Team.A.@.Team.D__0145,0,1,0,5,0.9999334139860386
2025-10-11.Team.A.@.Team.D__0146,0,1,0,1,0.9999993065930447
2025-10-11.Team.A.@.Team.D__0148,0,0,1,4,0.9558997682532722
2025-10-11.Team.A.@.Team.D__0149,0,0,1,0,0.9935213921906372
2025-10-11.Team.A.@.Team.D__0150,1,0,0,0,0.9999999999964917
2025-10-11.Team.A.@.Team.D__0151,0,0,0,1,0.9999798765371997
2025-10-11.Team.A.@.Team.D__0152,1,0,0,0,0.9948005325442068
2025-10-11.Team.A.@.Team.D__0153,0,0,1,2,0.9999999662304001
2025-10-11.Team.A.@.Team.D__0154,1,0,0,2,0.9999999999057936
2025-10-11.Team.A.@.Team.D__0155,0,0,0,4,0.9976344991534429
2025-10-11.Team.A.@.Team.D__0156,0,0,1,2,0.9984848467244954
2025-10-11.Team.A.@.Team.D__0157,1,0,0,2,0.9999999978166354
2025-10-11.Team.A.@.Team.D__0158,0,0,1,2,0.9998935542143064
2025-10-11.Team.A.@.Team.D__0159,0,0,1,2,0.9999571925583773
2025-10-11.Team.A.@.Team.D__0160,0,1,0,1,1.0
2025-10-11.Team.A.@.Team.D__0161,0,0,1,0,0.9999973367402399
2025-10-11.Team.A.@.Team.D__0162,0,0,1,2,0.9974339862065519
2025-10-11.Team.A.@.Team.D__0163,0,0,1,0,0.9154772820554051
2025-10-11.Team.A.@.Team.D__0164,0,1,0,2,0.9999993646469634
2025-10-11.Team.A.@.Team.D__0165,0,0,1,2,0.9999999997635642
2025-10-11.Team.A.@.Team.D__0166,0,0,0,5,0.9999986932817093
2025-10-11.Team.A.@.Team.D__0167,1,0,0,3,0.9897307069158888
2025-10-11.Team.A.@.Team.D__0168,1,0,0,1,0.9067567453957116
2025-10-11.Team.A.@.Team.D__0169,1,0,0,0,0.9897766656239604
2025-10-11.Team.A.@.Team.D__0171,0,1,0,1,0.9991077936148576
2025-10-11.Team.A.@.Team.D__0172,0,0,1,0,0.999969215184511
2025-10-11.Team.A.@.Team.D__0173,0,0,0,0,0.9999999485395654
2025-10-11.Team.A.@.Team.D__0176,0,0,1,0,0.9999983006788296
2025-10-11.Team.A.@.Team.D__0177,0,0,1,5,0.9999764312686618
2025-10-11.Team.A.@.Team.D__0178,0,0,1,0,0.9984085393290351
2025-10-11.Team.A.@.Team.D__0179,0,0,1,2,0.9999999037636214
2025-10-17.Team.F.@.Team.L__0002,0,0,1,5,0.99163700049321
2025-10-17.Team.F.@.Team.L__0003,0,0,1,2,0.9999864976640198
2025-10-17.Team.F.@.Team.L__0004,0,0,1,0,0.9999999999995222
2025-10-17.Team.F.@.Team.L__0005,0,0,1,3,0.9999999967438367
2025-10-17.Team.F.@.Team.L__0006,0,0,1,5,0.9799225759432969
2025-10-17.Team.F.@.Team.L__0007,0,0,1,5,0.9999957560736894
2025-10-17.Team.F.@.Team.L__0008,0,1,0,1,0.9999999999996172
2025-10-17.Team.F.@.Team.L__0009,0,0,1,4,0.9967680251225809
2025-10-17.Team.F.@.Team.L__0010,0,0,1,0,0.9998600016887618
2025-10-17.Team.F.@.Team.L__0011,1,0,0,3,0.9997784629504212
2025-10-17.Team.F.@.Team.L__0012,0,0,1,5,0.9403013486160031
2025-10-17.Team.F.@.Team.L__0013,0,0,1,4,0.9848465019594242
2025-10-17.Team.F.@.Team.L__0014,0,1,0,5,0.9997596968472924
2025-10-17.Team.F.@.Team.L__0015,0,0,1,3,0.9999999999999947
2025-10-17.Team.F.@.Team.L__0017,0,0,1,3,0.9999999999998277
2025-10-17.Team.F.@.Team.L__0019,1,0,0,1,0.9993334760129758
2025-10-17.Team.F.@.Team.L__0020,0,1,0,4,1.0
2025-10-17.Team.F.@.Team.L__0021,0,0,1,2,0.9999972255832064
2025-10-17.Team.F.@.Team.L__0022,0,0,1,4,0.9999999999968008
2025-10-17.Team.F.@.Team.L__0023,1,0,0,0,0.9826683357398975
2025-10-17.Team.F.@.Team.L__0024,1,0,0,0,0.9997550878906337
2025-10-17.Team.F.@.Team.L__0025,0,0,1,2,0.9999999998045972
2025-10-17.Team.F.@.Team.L__0027,0,0,1,2,0.999999884716976
2025-10-17.Team.F.@.Team.L__0028,0,0,1,2,0.9999486373756401
2025-10-17.Team.F.@.Team.L__0030,0,0,1,5,0.7474530139867742
2025-10-17.Team.F.@.Team.L__0032,1,0,0,1,0.9843514360504321
2025-10-17.Team.F.@.Team.L__0033,0,1,0,2,0.9210670837397397
2025-10-17.Team.F.@.Team.L__0034,0,0,1,0,0.9998067279565239
2025-10-17.Team.F.@.Team.L__0035,0,1,0,2,0.9999266724235109
2025-10-17.Team.F.@.Team.L__0036,0,1,0,2,0.9846167277419744
2025-10-17.Team.F.@.Team.L__0037,0,1,0,2,0.9999906816631987
2025-10-17.Team.F.@.Team.L__0039,0,0,1,3,0.9999892297240791
2025-10-17.Team.F.@.Team.L__0040,0,0,1,0,0.9988356689061889
2025-10-17.Team.F.@.Team.L__0041,1,0,0,5,0.9998660762526898
2025-10-17.Team.F.@.Team.L__0042,0,0,1,2,0.99920920932717
2025-10-17.Team.F.@.Team.L__0043,1,0,0,5,0.9795150891009466
2025-10-17.Team.F.@.Team.L__0045,0,0,1,5,0.9933564506194869
2025-10-17.Team.F.@.Team.L__0047,0,0,0,0,0.9868146173540658
2025-10-17.Team.F.@.Team.L__0048,0,1,0,2,0.9995948038259765
2025-10-17.Team.F.@.Team.L__0049,0,0,1,5,0.9994777156386689
2025-10-17.Team.F.@.Team.L__0050,0,0,1,2,0.9999818173072706
2025-10-17.Team.F.@.Team.L__0051,0,1,0,0,0.9999998677227965
2025-10-17.Team.F.@.Team.L__0052,0,1,0,4,1.0
2025-10-17.Team.F.@.Team.L__0054,0,0,1,5,0.995965869724933
2025-10-17.Team.F.@.Team.L__0055,1,0,0,4,0.999999986544438
2025-10-17.Team.F.@.Team.L__0056,0,1,0,2,0.9995134157898447
2025-10-17.Team.F.@.Team.L__0057,0,1,0,2,0.999745240712117
2025-10-17.Team.F.@.Team.L__0058,0,0,1,2,0.9999992703574987
2025-10-17.Team.F.@.Team.L__0059,0,0,1,5,0.9990135912207986
2025-10-17.Team.F.@.Team.L__0060,1,0,0,2,0.9999999337900864
2025-10-17.Team.F.@.Team.L__0064,0,1,0,0,0.9942838364278641
2025-10-17.Team.F.@.Team.L__0065,1,0,0,2,0.9999985435005303
2025-10-17.Team.F.@.Team.L__0066,0,1,0,0,0.9999938537303252
2025-10-17.Team.F.@.Team.L__0067,0,0,1,3,0.9133717297826014
2025-10-17.Team.F.@.Team.L__0068,0,0,1,5,0.9997470754567469
2025-10-17.Team.F.@.Team.L__0070,0,1,0,4,1.0
2025-10-17.Team.F.@.Team.L__0073,0,1,0,4,1.0
2025-10-17.Team.F.@.Team.L__0074,0,0,1,2,0.9999999999999991
2025-10-17.Team.F.@.Team.L__0075,0,0,1,2,0.7186137765502439
2025-10-17.Team.F.@.Team.L__0077,1,0,0,2,0.9935111755649352
2025-10-17.Team.F.@.Team.L__0078,1,0,0,1,0.9999999999993103
2025-10-17.Team.F.@.Team.L__0079,0,1,0,1,0.965717728299105
2025-10-17.Team.F.@.Team.L__0080,0,1,0,0,0.9999994960683414
2025-10-17.Team.F.@.Team.L__0081,0,0,1,3,0.9999999733093933
2025-10-17.Team.F.@.Team.L__0082,0,0,0,5,0.9999958701019958
2025-10-17.Team.F.@.Team.L__0083,0,1,0,4,0.9983064345566706
2025-10-17.Team.F.@.Team.L__0085,0,0,1,4,0.9999740453186228
2025-10-17.Team.F.@.Team.L__0087,0,0,1,1,0.9754433215263348
2025-10-17.Team.F.@.Team.L__0089,1,0,0,0,0.9999999988891553
2025-10-17.Team.F.@.Team.L__0090,0,1,0,2,0.9999889418043254
2025-10-17.Team.F.@.Team.L__0091,0,0,1,4,0.9997372534822512
2025-10-17.Team.F.@.Team.L__0092,1,0,0,2,0.9999999999825739
2025-10-17.Team.F.@.Team.L__0093,1,0,0,2,0.9999998401551874
2025-10-17.Team.F.@.Team.L__0094,0,0,1,0,0.9982233667934729
2025-10-17.Team.F.@.Team.L__0095,0,1,0,0,0.9999969197361571
2025-10-17.Team.F.@.Team.L__0096,1,0,0,5,0.6325782010934916
2025-10-17.Team.F.@.Team.L__0097,0,1,0,2,0.9999997000520194
2025-10-17.Team.F.@.Team.L__0098,0,0,1,5,0.9999499516696169
2025-10-17.Team.F.@.Team.L__0100,0,0,1,2,0.9999993261467082
2025-10-17.Team.F.@.Team.L__0101,0,0,1,2,0.9998766509854254
2025-10-17.Team.F.@.Team.L__0103,0,0,1,5,0.9998926579965968
2025-10-17.Team.F.@.Team.L__0104,0,0,1,2,0.999922358892185
2025-10-17.Team.F.@.Team.L__0105,0,1,0,2,0.9999976178463705
2025-10-17.Team.F.@.Team.L__0106,0,1,0,2,0.9999999999745093
2025-10-17.Team.F.@.Team.L__0107,0,0,1,2,0.9999245354666538
2025-10-17.Team.F.@.Team.L__0109,0,0,1,0,0.9999700157001968
2025-10-17.Team.F.@.Team.L__0111,1,0,0,4,0.9980554202219132
2025-10-17.Team.F.@.Team.L__0112,0,1,0,5,0.994280759201325
2025-10-17.Team.F.@.Team.L__0114,0,0,1,5,0.9997973296126093
2025-10-17.Team.F.@.Team.L__0115,0,0,1,5,0.9983279864300423
2025-10-17.Team.F.@.Team.L__0116,0,1,0,2,0.9999999999999716
2025-10-17.Team.F.@.Team.L__0118,0,0,1,5,0.9995189742232578
2025-10-17.Team.F.@.Team.L__0119,1,0,0,5,0.9999944975317581
2025-10-17.Team.F.@.Team.L__0120,0,1,0,0,0.9995692118994784
2025-10-17.Team.F.@.Team.L__0121,0,0,1,0,0.999999874608222
2025-10-17.Team.F.@.Team.L__0122,1,0,0,3,0.9999997317799836
2025-10-17.Team.F.@.Team.L__0123,1,0,0,2,0.9999097200270878
2025-10-17.Team.F.@.Team.L__0124,0,1,0,3,1.0
2025-10-17.Team.F.@.Team.L__0125,1,0,0,2,0.9472498758097299
2025-10-17.Team.F.@.Team.L__0126,0,1,0,0,0.999822682047689
2025-10-17.Team.F.@.Team.L__0127,0,1,0,0,0.9999999912422268
2025-10-17.Team.F.@.Team.L__0128,1,0,0,0,0.9999691450574869
2025-10-17.Team.F.@.Team.L__0129,0,1,0,0,0.9999998994349972
2025-10-17.Team.F.@.Team.L__0130,0,0,1,2,0.9997405594528006
2025-10-17.Team.F.@.Team.L__0131,0,0,1,5,0.9999678109201768
2025-10-17.Team.F.@.Team.L__0132,0,0,0,1,1.0
2025-10-17.Team.F.@.Team.L__0133,0,0,0,2,0.99999999935554
2025-10-17.Team.F.@.Team.L__0134,0,0,1,2,0.9997969655933207
2025-10-17.Team.F.@.Team.L__0135,1,0,0,2,0.9999999015669463
2025-10-17.Team.F.@.Team.L__0136,1,0,0,0,0.989426717242953
2025-10-17.Team.F.@.Team.L__0137,0,0,1,1,0.9999988529783957
2025-10-17.Team.F.@.Team.L__0138,1,0,0,2,0.6984445980560609
2025-10-17.Team.F.@.Team.L__0139,0,0,1,0,0.9999999996727205
2025-10-17.Team.F.@.Team.L__0140,0,0,1,4,0.8091207103603175
2025-10-17.Team.F.@.Team.L__0141,0,0,1,2,0.9664468854027323
2025-10-17.Team.F.@.Team.L__0142,1,0,0,2,0.9998482404387194
2025-10-17.Team.F.@.Team.L__0143,1,0,0,5,0.9999995843678813
2025-10-17.Team.F.@.Team.L__0144,1,0,0,5,0.9999639164440021
2025-10-17.Team.F.@.Team.L__0146,0,0,0,5,0.9813738676779767
2025-10-17.Team.F.@.Team.L__0148,0,0,0,3,0.9999999673054317
2025-10-17.Team.F.@.Team.L__0149,0,0,1,4,0.9999715881123732
2025-10-17.Team.F.@.Team.L__0150,0,0,0,3,0.9999272496063784
2025-10-17.Team.F.@.Team.L__0151,1,0,0,2,0.9999999999634124
2025-10-17.Team.F.@.Team.L__0152,0,1,0,5,0.9999309397734575
2025-10-17.Team.F.@.Team.L__0154,0,0,1,2,0.9999999999998828
2025-10-17.Team.F.@.Team.L__0155,1,0,0,2,0.9999999999998579
2025-10-17.Team.F.@.Team.L__0156,0,0,1,1,0.5115542641967993
2025-10-17.Team.F.@.Team.L__0157,0,0,1,1,0.9996546385589763
2025-10-17.Team.F.@.Team.L__0158,0,0,1,0,0.9999999975273681
2025-10-17.Team.F.@.Team.L__0159,1,0,0,5,0.9996729422038619
2025-10-17.Team.F.@.Team.L__0160,1,0,0,2,0.9958076492140908
2025-10-17.Team.F.@.Team.L__0162,0,0,1,5,0.999999653718977
2025-10-17.Team.F.@.Team.L__0163,1,0,0,2,0.9999998829249959
2025-10-17.Team.F.@.Team.L__0166,0,0,1,1,1.0
2025-10-17.Team.F.@.Team.L__0167,1,0,0,0,0.9999999990477697
2025-10-17.Team.F.@.Team.L__0168,0,0,1,0,0.9999999999998792
2025-10-17.Team.F.@.Team.L__0169,1,0,0,1,0.9867498398025795
2025-10-17.Team.F.@.Team.L__0170,0,0,1,4,0.9472475277084188
2025-10-17.Team.F.@.Team.L__0171,1,0,0,5,0.9958561020033084
2025-10-17.Team.F.@.Team.L__0172,0,1,0,0,0.999991317947883
2025-10-17.Team.F.@.Team.L__0173,0,0,1,2,0.9995166338365469
2025-10-17.Team.F.@.Team.L__0174,0,0,0,3,0.9999999894218661
2025-10-17.Team.F.@.Team.L__0177,1,0,0,5,0.9999949529818204
2025-10-17.Team.F.@.Team.L__0178,0,1,0,2,0.9999441107975257
2025-10-17.Team.F.@.Team.L__0179,0,0,1,5,0.9938648330960312
2025-10-17.Team.F.@.Team.L__0180,1,0,0,2,0.9999999999999964
2025-10-17.Team.F.@.Team.L__0182,0,0,0,3,0.9932596428899928
2025-10-17.Team.F.@.Team.L__0183,0,0,1,4,0.9999972404844212
2025-10-17.Team.F.@.Team.L__0184,0,1,0,0,0.9999999977513134
2025-10-17.Team.F.@.Team.L__0186,1,0,0,0,0.9961871342354758
2025-10-17.Team.F.@.Team.L__0187,1,0,0,0,0.999968207974309
2025-10-17.Team.F.@.Team.L__0189,0,0,0,5,0.999898052444375
2025-10-17.Team.F.@.Team.L__0190,0,0,0,4,0.5748907769723413
2025-10-17.Team.F.@.Team.L__0191,0,0,0,0,0.8621610628953044
2025-10-17.Team.F.@.Team.L__0192,1,0,0,5,0.9999501332927021
2025-10-17.Team.F.@.Team.L__0194,1,0,0,0,0.9978916175277959
2025-10-24.Team.B.@.Team.A__0000,0,1,0,0,0.9999999671590298
2025-10-24.Team.B.@.Team.A__0001,1,0,0,5,0.9999575290162747
2025-10-24.Team.B.@.Team.A__0002,0,0,1,5,0.9999780237356309
2025-10-24.Team.B.@.Team.A__0004,0,0,1,5,0.9987098079540846
2025-10-24.Team.B.@.Team.A__0006,1,0,0,4,1.0
2025-10-24.Team.B.@.Team.A__0007,0,0,1,5,0.9999137243416643
2025-10-24.Team.B.@.Team.A__0008,0,0,1,2,0.9999993995642997
2025-10-24.Team.B.@.Team.A__0009,0,0,1,0,0.9994839025173308
2025-10-24.Team.B.@.Team.A__0010,0,0,1,5,0.9999847097645693
2025-10-24.Team.B.@.Team.A__0011,0,0,1,3,0.9999999999999467
2025-10-24.Team.B.@.Team.A__0014,0,0,1,1,0.9966257909206231
2025-10-24.Team.B.@.Team.A__0015,0,1,0,5,0.9999841737376205
2025-10-24.Team.B.@.Team.A__0016,0,1,0,1,0.8483865917685032
2025-10-24.Team.B.@.Team.A__0017,0,1,0,3,0.9999953013848641
2025-10-24.Team.B.@.Team.A__0018,0,1,0,3,0.9999999557658167
2025-10-24.Team.B.@.Team.A__0020,0,0,0,0,0.9996660469515932
2025-10-24.Team.B.@.Team.A__0021,0,0,1,5,0.9999974327600887
2025-10-24.Team.B.@.Team.A__0022,1,0,0,2,0.999999995942854
2025-10-24.Team.B.@.Team.A__0023,0,0,1,0,0.9996510140444861
2025-10-24.Team.B.@.Team.A__0024,0,1,0,3,1.0
2025-10-24.Team.B.@.Team.A__0025,1,0,0,3,0.9993801765692394
2025-10-24.Team.B.@.Team.A__0026,0,0,1,2,0.9990394860888099
2025-10-24.Team.B.@.Team.A__0028,0,1,0,0,0.998496644978596
2025-10-24.Team.B.@.Team.A__0030,0,0,0,0,0.9899706137068586
2025-10-24.Team.B.@.Team.A__0031,1,0,0,0,0.9996340959586696
2025-10-24.Team.B.@.Team.A__0032,0,0,1,2,0.9996714737843667
2025-10-24.Team.B.@.Team.A__0033,0,0,1,2,0.9996332576284718
2025-10-24.Team.B.@.Team.A__0034,1,0,0,4,0.9864702308255265
2025-10-24.Team.B.@.Team.A__0035,0,0,1,5,0.9999998903464478
2025-10-24.Team.B.@.Team.A__0036,0,0,1,3,0.9991916773787641
2025-10-24.Team.B.@.Team.A__0037,0,0,1,0,0.9904996632029742
2025-10-24.Team.B.@.Team.A__0038,0,1,0,0,0.9999936064411036
2025-10-24.Team.B.@.Team.A__0039,0,1,0,2,0.9998163624525137
2025-10-24.Team.B.@.Team.A__0040,0,0,1,3,0.9382096638777018
2025-10-24.Team.B.@.Team.A__0041,0,1,0,0,0.9046942051028548
2025-10-24.Team.B.@.Team.A__0042,0,0,1,2,0.9435029887211257
2025-10-24.Team.B.@.Team.A__0043,0,1,0,0,0.9980874161792177
2025-10-24.Team.B.@.Team.A__0044,0,0,1,1,1.0
2025-10-24.Team.B.@.Team.A__0045,1,0,0,4,0.999400832742888
2025-10-24.Team.B.@.Team.A__0047,0,1,0,0,0.9468214082911849
2025-10-24.Team.B.@.Team.A__0049,0,0,1,1,0.9999965987545623
2025-10-24.Team.B.@.Team.A__0051,1,0,0,2,0.9999999999839329
2025-10-24.Team.B.@.Team.A__0052,1,0,0,1,0.999282965995373
2025-10-24.Team.B.@.Team.A__0053,0,1,0,2,0.9999999289107987
2025-10-24.Team.B.@.Team.A__0054,1,0,0,1,1.0
2025-10-24.Team.B.@.Team.A__0055,1,0,0,2,0.99999972251085
2025-10-24.Team.B.@.Team.A__0056,0,1,0,1,0.7811810874901722
2025-10-24.Team.B.@.Team.A__0057,0,0,1,5,0.9992134894491264
2025-10-24.Team.B.@.Team.A__0058,1,0,0,0,0.9982885247068197
2025-10-24.Team.B.@.Team.A__0059,1,0,0,1,0.9999999999999982
2025-10-24.Team.B.@.Team.A__0060,0,0,1,0,0.9999406675348429
2025-10-24.Team.B.@.Team.A__0061,0,0,1,0,0.9646913871382451
2025-10-24.Team.B.@.Team.A__0062,0,0,1,3,1.0
2025-10-24.Team.B.@.Team.A__0064,0,1,0,1,0.9999997807299056
2025-10-24.Team.B.@.Team.A__0066,0,1,0,2,0.9999999951785874
2025-10-24.Team.B.@.Team.A__0067,0,0,1,5,0.9874403308438806
2025-10-24.Team.B.@.Team.A__0068,0,0,1,0,0.9999862579870885
2025-10-24.Team.B.@.Team.A__0069,0,1,0,1,1.0
2025-10-24.Team.B.@.Team.A__0070,1,0,0,0,0.9999997418115211
2025-10-24.Team.B.@.Team.A__0071,1,0,0,0,0.9959179550592463
2025-10-24.Team.B.@.Team.A__0072,0,1,0,0,0.8579131636853404
2025-10-24.Team.B.@.Team.A__0074,0,0,1,3,1.0
2025-10-24.Team.B.@.Team.A__0075,1,0,0,0,0.9991196643034261
2025-10-24.Team.B.@.Team.A__0076,0,0,0,0,0.9999874004397653
2025-10-24.Team.B.@.Team.A__0077,0,0,0,2,0.999991330832285
2025-10-24.Team.B.@.Team.A__0078,1,0,0,0,0.9997267596366101
2025-10-24.Team.B.@.Team.A__0080,0,0,1,0,0.7705580937919665
2025-10-24.Team.B.@.Team.A__0081,0,0,0,5,0.9829784990428743
2025-10-24.Team.B.@.Team.A__0082,0,0,1,2,0.9999999999254818
2025-10-24.Team.B.@.Team.A__0083,0,1,0,3,0.9861818077540384
2025-10-24.Team.B.@.Team.A__0084,0,0,1,5,0.9672243972564756
2025-10-24.Team.B.@.Team.A__0085,1,0,0,0,0.994438453177367
2025-10-24.Team.B.@.Team.A__0086,0,0,1,0,0.982411214210336
2025-10-24.Team.B.@.Team.A__0087,0,1,0,1,0.9999999950142977
2025-10-24.Team.B.@.Team.A__0088,0,0,1,5,0.9999954501971269
2025-10-24.Team.B.@.Team.A__0089,0,0,1,5,0.9999987624544681
2025-10-24.Team.B.@.Team.A__0091,1,0,0,5,0.99951113385308
2025-10-24.Team.B.@.Team.A__0092,1,0,0,0,0.9998149431943016
2025-10-24.Team.B.@.Team.A__0093,1,0,0,1,0.9515281437278748
2025-10-24.Team.B.@.Team.A__0094,1,0,0,2,1.0
2025-10-24.Team.B.@.Team.A__0095,1,0,0,5,0.9990475443988877
2025-10-24.Team.B.@.Team.A__0096,1,0,0,5,0.9686097964884707
2025-10-24.Team.B.@.Team.A__0097,0,0,1,4,1.0
2025-10-24.Team.B.@.Team.A__0098,0,0,1,5,0.9711105464954591
2025-10-24.Team.B.@.Team.A__0099,0,0,1,2,0.9999930298378873
2025-10-24.Team.B.@.Team.A__0100,0,0,1,0,0.9999998772265469
2025-10-24.Team.B.@.Team.A__0101,0,0,1,0,0.9466700430534667
2025-10-24.Team.B.@.Team.A__0102,0,0,1,0,0.9997170415459439
2025-10-24.Team.B.@.Team.A__0103,1,0,0,0,0.9999999903171028
2025-10-24.Team.B.@.Team.A__0106,0,1,0,0,0.9999972708321838
2025-10-24.Team.B.@.Team.A__0107,0,1,0,1,0.9999999999999374
2025-10-24.Team.B.@.Team.A__0108,1,0,0,4,0.9996439754420139
2025-10-24.Team.B.@.Team.A__0112,1,0,0,5,0.9997866423469495
2025-10-24.Team.B.@.Team.A__0113,0,1,0,0,0.9931579414488378
2025-10-24.Team.B.@.Team.A__0114,0,0,1,2,1.0
2025-10-24.Team.B.@.Team.A__0115,1,0,0,2,0.9999999416539839
2025-10-24.Team.B.@.Team.A__0116,0,0,1,2,0.9999889530030543
2025-10-24.Team.B.@.Team.A__0117,0,0,0,2,0.9976332661389964
2025-10-24.Team.B.@.Team.A__0118,0,0,0,2,0.9997596635993216
2025-10-24.Team.B.@.Team.A__0121,0,0,1,1,0.999996844036156
2025-10-24.Team.B.@.Team.A__0123,0,0,1,0,0.9999999999923119
2025-10-24.Team.B.@.Team.A__0125,0,1,0,2,0.9999981296526833
2025-10-24.Team.B.@.Team.A__0126,0,1,0,2,0.9999999931720225
2025-10-24.Team.B.@.Team.A__0127,1,0,0,2,0.9999490450283267
2025-10-24.Team.B.@.Team.A__0130,0,0,1,5,0.9999973342117752
2025-10-24.Team.B.@.Team.A__0131,0,1,0,3,0.9932356019563099
2025-10-24.Team.B.@.Team.A__0132,1,0,0,2,0.9999868686903484
2025-10-24.Team.B.@.Team.A__0133,0,0,1,0,0.9999973788719007
2025-10-24.Team.B.@.Team.A__0134,0,0,1,1,0.9999980590555544
2025-10-24.Team.B.@.Team.A__0135,0,1,0,2,1.0
2025-10-24.Team.B.@.Team.A__0137,0,0,1,4,1.0
2025-10-24.Team.B.@.Team.A__0138,0,1,0,0,0.9989765788385813
2025-10-24.Team.B.@.Team.A__0140,0,1,0,0,0.9999999822089151
2025-10-24.Team.B.@.Team.A__0141,0,0,1,3,1.0
2025-10-24.Team.B.@.Team.A__0142,0,0,1,3,0.9999999943727715
2025-10-24.Team.B.@.Team.A__0143,0,0,1,3,0.9991516968914269
2025-10-24.Team.B.@.Team.A__0144,0,0,1,0,0.9907509988912956
2025-10-24.Team.B.@.Team.A__0145,0,0,1,5,0.9996132586620416
2025-10-24.Team.B.@.Team.A__0148,0,1,0,0,0.988739235038949
2025-10-24.Team.B.@.Team.A__0149,0,1,0,0,0.9973039023183858
2025-10-24.Team.B.@.Team.A__0151,0,1,0,5,0.9270910639692104
2025-10-24.Team.B.@.Team.A__0153,1,0,0,4,0.9999999999994831
2025-10-24.Team.B.@.Team.A__0154,1,0,0,1,0.9999999838611694
2025-10-24.Team.B.@.Team.A__0155,0,0,1,0,0.9995813055803359
2025-10-24.Team.B.@.Team.A__0156,0,0,0,4,1.0
2025-10-24.Team.B.@.Team.A__0157,0,1,0,0,0.9999999931531213
2025-10-24.Team.B.@.Team.A__0159,1,0,0,1,0.9999999967443673
2025-10-24.Team.B.@.Team.A__0161,0,0,1,0,0.9998635890044005
2025-10-24.Team.B.@.Team.A__0162,0,0,1,0,0.9999985403314072
2025-10-24.Team.B.@.Team.A__0163,0,1,0,0,0.8989661245907177
2025-10-24.Team.B.@.Team.A__0164,0,1,0,0,0.9763354655404928
2025-10-24.Team.B.@.Team.A__0165,1,0,0,2,0.9977888038429638
2025-10-24.Team.B.@.Team.A__0167,0,0,1,4,0.9187744947985192
2025-10-24.Team.B.@.Team.A__0168,1,0,0,2,0.9992661693161666
2025-10-24.Team.B.@.Team.A__0169,0,0,1,0,0.9999340571682923
2025-10-24.Team.B.@.Team.A__0170,0,1,0,0,0.982627596748166
2025-10-24.Team.B.@.Team.A__0171,0,0,1,2,0.9010974418267841
2025-10-24.Team.B.@.Team.A__0172,0,1,0,0,0.9999888348572129
2025-10-24.Team.B.@.Team.A__0173,0,0,1,0,0.9999854994826726
2025-10-24.Team.B.@.Team.A__0174,1,0,0,5,0.9999949984200247
2025-10-24.Team.B.@.Team.A__0175,0,0,1,5,0.9959134661086729
2025-10-24.Team.B.@.Team.A__0176,1,0,0,2,0.9345446310751461
2025-10-24.Team.B.@.Team.A__0178,0,1,0,1,0.9999999999999769
2025-10-24.Team.B.@.Team.A__0179,0,0,1,1,0.9999999999999982
2025-10-24.Team.B.@.Team.A__0181,0,1,0,1,1.0
2025-10-24.Team.B.@.Team.A__0182,0,0,1,0,0.9983017323635948
2025-10-24.Team.B.@.Team.A__0183,0,1,0,4,1.0
2025-10-24.Team.B.@.Team.A__0184,0,0,1,0,0.9998045687304148
2025-10-24.Team.B.@.Team.A__0185,0,0,0,0,0.998279418201843
2025-10-24.Team.B.@.Team.A__0186,0,1,0,4,1.0
2025-10-24.Team.B.@.Team.A__0187,0,0,1,4,0.9841465261962553
2025-10-24.Team.B.@.Team.A__0188,1,0,0,5,0.9999425430089622
2025-10-24.Team.B.@.Team.A__0189,1,0,0,5,0.883318728060305
2025-10-24.Team.B.@.Team.A__0190,0,0,1,1,0.9999637955473827
2025-10-24.Team.B.@.Team.A__0191,0,0,1,0,0.9698229278307551
2025-10-24.Team.B.@.Team.A__0192,0,0,1,5,0.7012670465403578
2025-10-24.Team.B.@.Team.A__0193,1,0,0,0,0.995782570247833
2025-10-24.Team.B.@.Team.A__0194,0,0,1,3,1.0
2025-10-24.Team.B.@.Team.A__0195,0,1,0,0,0.9999999684966512
2025-10-24.Team.B.@.Team.A__0196,0,0,1,1,1.0
2025-10-24.Team.B.@.Team.A__0197,1,0,0,1,0.9999999999998819
2025-10-24.Team.B.@.Team.A__0198,0,1,0,0,0.999996347388216
2025-10-24.Team.B.@.Team.A__0199,0,0,0,0,0.9978201312897446
2025-10-24.Team.B.@.Team.A__0200,0,1,0,1,0.9999856723596345
2025-10-24.Team.B.@.Team.A__0201,0,1,0,0,0.999999999999897
2025-10-24.Team.B.@.Team.A__0203,0,0,1,3,0.9742222229357324
2025-10-24.Team.B.@.Team.A__0204,1,0,0,2,0.999998911409704
2025-10-24.Team.B.@.Team.A__0205,1,0,0,0,0.9999485233972403
2025-10-24.Team.B.@.Team.A__0206,1,0,0,5,0.999972102787559
2025-10-24.Team.B.@.Team.A__0207,0,0,1,5,0.8782594825886452
2025-10-24.Team.B.@.Team.A__0208,0,0,1,4,0.837664674013531
2025-10-24.Team.B.@.Team.A__0209,1,0,0,4,1.0
2025-10-24.Team.B.@.Team.A__0210,0,0,1,2,0.9999996579778959
2025-10-24.Team.E.@.Team.D__0000,1,0,0,1,1.0
2025-10-24.Team.E.@.Team.D__0001,0,1,0,5,0.9998634036305496
2025-10-24.Team.E.@.Team.D__0003,1,0,0,1,0.9999971368578703
2025-10-24.Team.E.@.Team.D__0004,0,0,1,2,0.9999998886793326
2025-10-24.Team.E.@.Team.D__0005,1,0,0,0,0.9985464833222588
2025-10-24.Team.E.@.Team.D__0006,1,0,0,4,0.9999997230341676
2025-10-24.Team.E.@.Team.D__0007,0,0,1,0,0.9999999811100067
2025-10-24.Team.E.@.Team.D__0011,0,0,1,1,0.9959819569398501
2025-10-24.Team.E.@.Team.D__0012,1,0,0,5,0.9978686664260203
2025-10-24.Team.E.@.Team.D__0013,0,1,0,0,0.9998615838686326
2025-10-24.Team.E.@.Team.D__0014,0,0,1,2,0.9999979444678907
2025-10-24.Team.E.@.Team.D__0015,0,1,0,0,0.9999999472313427
2025-10-24.Team.E.@.Team.D__0016,0,0,1,0,0.940373142562133
2025-10-24.Team.E.@.Team.D__0017,0,0,1,0,0.8652598802544202
2025-10-24.Team.E.@.Team.D__0019,0,0,1,2,0.9999999944078057
2025-10-24.Team.E.@.Team.D__0020,0,0,1,2,0.9999976299060935
2025-10-24.Team.E.@.Team.D__0021,0,0,1,0,0.9783583069716218
2025-10-24.Team.E.@.Team.D__0024,1,0,0,4,0.9988060294698645
2025-10-24.Team.E.@.Team.D__0025,0,0,1,0,0.9999747815169745
2025-10-24.Team.E.@.Team.D__0027,1,0,0,5,0.9999843688303427
2025-10-24.Team.E.@.Team.D__0028,1,0,0,2,1.0
2025-10-24.Team.E.@.Team.D__0029,0,1,0,0,0.999998796829622
2025-10-24.Team.E.@.Team.D__0030,1,0,0,2,0.9999998530543924
2025-10-24.Team.E.@.Team.D__0031,0,1,0,2,0.9999999997384297
2025-10-24.Team.E.@.Team.D__0032,1,0,0,0,0.999999999561938
2025-10-24.Team.E.@.Team.D__0033,0,1,0,0,0.9999590528671758
2025-10-24.Team.E.@.Team.D__0034,0,1,0,0,0.9999999962169559
2025-10-24.Team.E.@.Team.D__0035,0,0,1,5,0.9996941595518112
2025-10-24.Team.E.@.Team.D__0036,1,0,0,5,0.9999827873958445
2025-10-24.Team.E.@.Team.D__0037,0,0,1,2,0.9986037470002479
2025-10-24.Team.E.@.Team.D__0038,0,1,0,1,0.999999999350706
2025-10-24.Team.E.@.Team.D__0039,0,0,1,2,0.9989113652739526
2025-10-24.Team.E.@.Team.D__0042,0,0,1,5,0.5822399984719975
2025-10-24.Team.E.@.Team.D__0043,1,0,0,0,0.5446909818076398
2025-10-24.Team.E.@.Team.D__0044,1,0,0,0,0.9999133212915058
2025-10-24.Team.E.@.Team.D__0045,0,0,1,4,0.91488529187764
2025-10-24.Team.E.@.Team.D__0047,0,0,1,2,0.9999999999261817
2025-10-24.Team.E.@.Team.D__0049,0,0,1,3,1.0
2025-10-24.Team.E.@.Team.D__0050,0,0,1,2,0.989398025129835
2025-10-24.Team.E.@.Team.D__0051,0,0,1,4,0.9997152825560213
2025-10-24.Team.E.@.Team.D__0052,0,1,0,2,0.9999999518689997
2025-10-24.Team.E.@.Team.D__0053,0,1,0,0,0.9641720410557382
2025-10-24.Team.E.@.Team.D__0054,0,1,0,5,0.811924365662194
2025-10-24.Team.E.@.Team.D__0055,0,0,0,0,0.9307516130416886
2025-10-24.Team.E.@.Team.D__0056,0,0,1,4,0.9999999999996962
2025-10-24.Team.E.@.Team.D__0057,0,0,1,4,1.0
2025-10-24.Team.E.@.Team.D__0059,1,0,0,2,0.9999999999981011
2025-10-24.Team.E.@.Team.D__0060,1,0,0,5,0.9997976237944289
2025-10-24.Team.E.@.Team.D__0061,0,0,1,2,0.9999927445288564
2025-10-24.Team.E.@.Team.D__0062,0,0,1,3,0.8814075449061592
2025-10-24.Team.E.@.Team.D__0063,1,0,0,5,0.999927981587466
2025-10-24.Team.E.@.Team.D__0064,0,0,1,0,0.994154130013777
2025-10-24.Team.E.@.Team.D__0065,0,0,1,0,0.9796552455909703
2025-10-24.Team.E.@.Team.D__0066,0,1,0,3,0.9990044624423088
2025-10-24.Team.E.@.Team.D__0067,0,0,0,5,0.9989277000320926
2025-10-24.Team.E.@.Team.D__0068,0,1,0,0,0.9999996041588324
2025-10-24.Team.E.@.Team.D__0069,0,0,1,5,0.812861824156406
2025-10-24.Team.E.@.Team.D__0073,0,0,1,5,0.9999985393328471
2025-10-24.Team.E.@.Team.D__0074,0,0,0,5,0.9992876055557133
2025-10-24.Team.E.@.Team.D__0075,1,0,0,5,0.9999418402625588
2025-10-24.Team.E.@.Team.D__0084,0,0,1,1,1.0
2025-10-24.Team.E.@.Team.D__0086,1,0,0,2,1.0
2025-10-24.Team.E.@.Team.D__0088,0,0,1,0,0.9941596441356603
2025-10-24.Team.E.@.Team.D__0089,1,0,0,2,0.9999999999374598
2025-10-24.Team.E.@.Team.D__0093,0,0,1,2,0.9999999999999956
2025-10-24.Team.E.@.Team.D__0094,0,1,0,3,0.9883741857931431
2025-10-24.Team.E.@.Team.D__0095,0,0,1,3,0.9999990584689238
2025-10-24.Team.E.@.Team.D__0096,0,1,0,2,0.9998366501821189
2025-10-24.Team.E.@.Team.D__0098,0,0,1,3,1.0
2025-10-24.Team.E.@.Team.D__0099,0,0,1,5,0.9998722869139766
2025-10-24.Team.E.@.Team.D__0100,0,0,1,1,0.9992161907293591
2025-10-24.Team.E.@.Team.D__0101,0,0,1,2,0.9999999999999964
2025-10-24.Team.E.@.Team.D__0102,0,0,1,2,0.9999466085662176
2025-10-24.Team.E.@.Team.D__0104,0,0,1,0,0.9999945042190803
2025-10-24.Team.E.@.Team.D__0105,0,0,1,5,0.9886043365451139
2025-10-24.Team.E.@.Team.D__0106,0,1,0,0,0.9999990270495253
2025-10-24.Team.E.@.Team.D__0107,0,0,1,2,0.9997966907333408
2025-10-24.Team.E.@.Team.D__0108,0,0,1,5,0.9999986407071192
2025-10-24.Team.E.@.Team.D__0109,0,0,1,5,0.9999988758917113
2025-10-24.Team.E.@.Team.D__0110,0,0,1,2,0.9999398889337501
2025-10-24.Team.E.@.Team.D__0111,0,1,0,4,0.9999994433503637
2025-10-24.Team.E.@.Team.D__0112,0,1,0,0,0.9745132617300826
2025-10-24.Team.E.@.Team.D__0113,0,1,0,0,0.9999603709511323
2025-10-24.Team.E.@.Team.D__0114,0,0,1,4,1.0
2025-10-24.Team.E.@.Team.D__0115,1,0,0,5,0.9968489009297895
2025-10-24.Team.E.@.Team.D__0116,0,0,1,5,0.9997990233866861
2025-10-24.Team.E.@.Team.D__0117,0,1,0,5,0.9999909707531668
2025-10-24.Team.E.@.Team.D__0118,0,1,0,0,0.9999894761282674
2025-10-24.Team.E.@.Team.D__0121,0,0,0,1,0.9787442026479678
2025-10-24.Team.E.@.Team.D__0122,0,1,0,1,1.0
2025-10-24.Team.E.@.Team.D__0123,0,1,0,1,1.0
2025-10-24.Team.E.@.Team.D__0124,0,1,0,1,0.9999999342622438
2025-10-24.Team.E.@.Team.D__0125,0,0,1,3,1.0
2025-10-24.Team.E.@.Team.D__0126,0,0,1,3,1.0
2025-10-24.Team.E.@.Team.D__0127,0,0,1,5,0.999547415536912
2025-10-24.Team.E.@.Team.D__0128,0,0,1,2,0.9999891129877458
2025-10-24.Team.E.@.Team.D__0129,0,0,1,4,0.9917867284279301
2025-10-24.Team.E.@.Team.D__0131,1,0,0,0,0.999925481735787
2025-10-24.Team.E.@.Team.D__0132,0,1,0,4,1.0
2025-10-24.Team.E.@.Team.D__0186,1,0,0,0,0.995969298651365
2025-10-24.Team.E.@.Team.D__0187,1,0,0,0,0.995969298651365
2025-10-24.Team.E.@.Team.D__0188,1,0,0,1,0.9643042287902096
2025-10-24.Team.E.@.Team.D__0189,0,0,1,1,0.9999999997191376
2025-10-24.Team.E.@.Team.D__0192,0,1,0,2,0.9988950837419939
2025-10-24.Team.E.@.Team.D__0193,1,0,0,4,1.0
2025-10-24.Team.E.@.Team.D__0194,0,1,0,4,0.9999972246088442
2025-10-24.Team.E.@.Team.D__0195,1,0,0,4,0.9999999999999751
2025-10-24.Team.E.@.Team.D__0196,1,0,0,0,0.9999999998119105
2025-10-24.Team.E.@.Team.D__0198,0,1,0,2,0.9488864976190547
2025-10-24.Team.E.@.Team.D__0199,0,1,0,5,0.9999999062962188
2025-10-24.Team.E.@.Team.D__0200,1,0,0,0,0.9999532586265533
2025-10-24.Team.E.@.Team.D__0201,0,0,0,0,0.9999983516926252
2025-10-28.Team.C.@.Team.A__0000,0,0,0,5,0.9991662514414604
2025-10-28.Team.C.@.Team.A__0001,1,0,0,5,0.995234671021177
2025-10-28.Team.C.@.Team.A__0002,0,0,1,0,0.999969649888438
2025-10-28.Team.C.@.Team.A__0003,0,0,0,3,0.9999999992682884
2025-10-28.Team.C.@.Team.A__0004,0,0,1,2,0.9999941412893687
2025-10-28.Team.C.@.Team.A__0005,0,1,0,0,0.9999806957800824
2025-10-28.Team.C.@.Team.A__0006,1,0,0,3,0.9999996143554328
2025-10-28.Team.C.@.Team.A__0007,1,0,0,2,0.999999448733755
2025-10-28.Team.C.@.Team.A__0008,0,0,1,1,0.8000994397200728
2025-10-28.Team.C.@.Team.A__0009,0,0,1,4,0.9954803094053515
2025-10-28.Team.C.@.Team.A__0010,1,0,0,2,0.9999881854215277
2025-10-28.Team.C.@.Team.A__0011,0,0,1,0,0.6349494625598143
2025-10-28.Team.C.@.Team.A__0012,1,0,0,0,0.9999988360719142
2025-10-28.Team.C.@.Team.A__0013,0,0,1,4,0.6180600358976416
2025-10-28.Team.C.@.Team.A__0014,0,0,1,4,0.999998520516588
2025-10-28.Team.C.@.Team.A__0015,1,0,0,5,0.9999772236700757
2025-10-28.Team.C.@.Team.A__0016,0,0,1,0,0.9983079526628431
2025-10-28.Team.C.@.Team.A__0017,1,0,0,5,0.9998957962226422
2025-10-28.Team.C.@.Team.A__0018,0,0,0,4,0.997697388366379
2025-10-28.Team.C.@.Team.A__0019,0,1,0,5,0.9974393962352939
2025-10-28.Team.C.@.Team.A__0020,0,1,0,0,0.9765712656041873
2025-10-28.Team.C.@.Team.A__0021,0,0,1,4,0.974942057218588
2025-10-28.Team.C.@.Team.A__0023,1,0,0,5,0.9941335116258513
2025-10-28.Team.C.@.Team.A__0025,0,0,1,5,0.9999822134435821
2025-10-28.Team.C.@.Team.A__0026,0,0,1,3,0.996653202817496
2025-10-28.Team.C.@.Team.A__0027,1,0,0,0,0.9901665954127027
2025-10-28.Team.C.@.Team.A__0028,0,1,0,0,0.9946131724362399
2025-10-28.Team.C.@.Team.A__0030,1,0,0,0,0.999967479127293
2025-10-28.Team.C.@.Team.A__0031,0,0,1,1,0.9967880984857221
2025-10-28.Team.C.@.Team.A__0032,1,0,0,2,0.99924564257903
2025-10-28.Team.C.@.Team.A__0033,0,0,1,5,0.9986032166765364
2025-10-28.Team.C.@.Team.A__0034,0,1,0,1,0.9974316857746898
2025-10-28.Team.C.@.Team.A__0035,0,0,1,5,0.9998457284830794
2025-10-28.Team.C.@.Team.A__0036,0,0,0,0,0.970709395876221
2025-10-28.Team.C.@.Team.A__0037,0,0,0,0,0.9484500798007598
2025-10-28.Team.C.@.Team.A__0038,1,0,0,2,0.999921746233665
2025-10-28.Team.C.@.Team.A__0039,0,1,0,0,0.9777076657542904
2025-10-28.Team.C.@.Team.A__0040,0,0,1,2,0.9999999934551305
2025-10-28.Team.C.@.Team.A__0041,0,0,1,3,0.9999851397675168
2025-10-28.Team.C.@.Team.A__0042,0,0,1,3,0.5370220795944833
2025-10-28.Team.C.@.Team.A__0043,0,1,0,2,0.9999999999876845
2025-10-28.Team.C.@.Team.A__0044,0,0,1,0,0.9999863181525577
2025-10-28.Team.C.@.Team.A__0045,1,0,0,0,0.9544223731896497
2025-10-28.Team.C.@.Team.A__0046,0,1,0,3,0.9995922447664366
2025-10-28.Team.C.@.Team.A__0047,0,0,1,2,0.9993319379729529
2025-10-28.Team.C.@.Team.A__0048,1,0,0,2,0.9999999986804875
2025-10-28.Team.C.@.Team.A__0050,0,0,1,0,0.8058696506655347
2025-10-28.Team.C.@.Team.A__0051,0,0,1,0,0.9991162535214215
2025-10-28.Team.C.@.Team.A__0052,0,1,0,4,1.0
2025-10-28.Team.C.@.Team.A__0053,0,0,1,0,0.8601880775399638
2025-10-28.Team.C.@.Team.A__0054,0,0,1,1,0.8036012751354074
2025-10-28.Team.C.@.Team.A__0055,1,0,0,4,1.0
2025-10-28.Team.C.@.Team.A__0057,0,0,1,2,0.9998630576629131
2025-10-28.Team.C.@.Team.A__0058,0,0,1,0,0.9999983773490737
2025-10-28.Team.C.@.Team.A__0059,1,0,0,0,0.9998684856086664
2025-10-28.Team.C.@.Team.A__0060,0,0,1,0,0.9999999600214876
2025-10-28.Team.C.@.Team.A__0061,1,0,0,0,0.9555195890675299
2025-10-28.Team.C.@.Team.A__0062,0,0,1,0,0.999998712673193
2025-10-28.Team.C.@.Team.A__0063,0,0,0,0,0.9999946583242676
2025-10-28.Team.C.@.Team.A__0064,1,0,0,0,0.9998150417163432
2025-10-28.Team.C.@.Team.A__0066,1,0,0,2,0.935941971971002
2025-10-28.Team.C.@.Team.A__0067,0,1,0,2,0.9999619142455782
2025-10-28.Team.C.@.Team.A__0068,0,1,0,2,0.9996584999765638
2025-10-28.Team.C.@.Team.A__0069,1,0,0,2,0.9999999999494769
2025-10-28.Team.C.@.Team.A__0070,1,0,0,5,0.9978858573091931
2025-10-28.Team.C.@.Team.A__0071,0,0,1,0,0.9997942166732713
2025-10-28.Team.C.@.Team.A__0072,0,0,1,0,0.9999525947232608
2025-10-28.Team.C.@.Team.A__0073,0,0,0,5,0.9999981726836669
2025-10-28.Team.C.@.Team.A__0075,1,0,0,1,0.9997988778383254
2025-10-28.Team.C.@.Team.A__0078,0,0,1,0,0.9999594484542297
2025-10-28.Team.C.@.Team.A__0080,0,0,1,3,0.854114221673029
2025-10-28.Team.C.@.Team.A__0083,0,1,0,0,0.999999999914345
2025-10-28.Team.C.@.Team.A__0084,0,0,1,2,0.9999999998693934
2025-10-28.Team.C.@.Team.A__0085,0,0,1,0,0.999345920194125
2025-10-28.Team.C.@.Team.A__0086,0,0,1,0,0.9997735768432264
2025-10-28.Team.C.@.Team.A__0087,0,1,0,4,1.0
2025-10-28.Team.C.@.Team.A__0089,0,1,0,2,0.9275944060023534
2025-10-28.Team.C.@.Team.A__0090,1,0,0,0,0.9999843256622449
2025-10-28.Team.C.@.Team.A__0092,0,0,1,2,0.999999907736586
2025-10-28.Team.C.@.Team.A__0093,0,0,1,3,0.9980496650757228
2025-10-28.Team.C.@.Team.A__0095,0,0,1,2,0.9999999999929736
2025-10-28.Team.C.@.Team.A__0096,0,0,0,1,0.8855941082688337
2025-10-28.Team.C.@.Team.A__0097,0,1,0,4,0.7391090117001771
2025-10-28.Team.C.@.Team.A__0098,1,0,0,1,0.5339453236490653
2025-10-28.Team.C.@.Team.A__0099,0,0,1,0,0.9999928350874094
2025-10-28.Team.C.@.Team.A__0100,0,0,1,4,0.999991647287608
2025-10-28.Team.C.@.Team.A__0101,0,0,1,0,0.9999963280578189
2025-10-28.Team.C.@.Team.A__0102,0,1,0,0,0.9995879293115045
2025-10-28.Team.C.@.Team.A__0103,1,0,0,0,0.9999993261256318
2025-10-28.Team.C.@.Team.A__0104,0,1,0,2,0.9999997367632272
2025-10-28.Team.C.@.Team.A__0105,0,0,1,1,0.9999999999895998
2025-10-28.Team.C.@.Team.A__0106,0,0,1,4,0.9997401058269779
2025-10-28.Team.C.@.Team.A__0107,1,0,0,0,0.9999913812798766
2025-10-28.Team.C.@.Team.A__0108,0,0,0,5,0.9984023436349608
2025-10-28.Team.C.@.Team.A__0109,1,0,0,2,0.9472329125475686
2025-10-28.Team.C.@.Team.A__0110,0,0,1,2,0.9999999999787246
2025-10-28.Team.C.@.Team.A__0111,0,0,1,0,0.8643085365291305
2025-10-28.Team.C.@.Team.A__0112,1,0,0,2,0.9999985458337702
2025-10-28.Team.C.@.Team.A__0113,0,0,1,0,0.9999709524021787
2025-10-28.Team.C.@.Team.A__0114,0,1,0,2,0.9999999516955363
2025-10-28.Team.C.@.Team.A__0115,0,0,1,3,0.9999999999663984
2025-10-28.Team.C.@.Team.A__0116,0,0,1,1,0.986489452606569
2025-10-28.Team.C.@.Team.A__0117,0,1,0,1,0.9799368485270622
2025-10-28.Team.C.@.Team.A__0118,0,0,0,0,0.9999997757408687
2025-10-28.Team.C.@.Team.A__0119,0,1,0,3,0.884497808482268
2025-10-28.Team.C.@.Team.A__0120,0,0,1,0,0.99999640985872
2025-10-28.Team.C.@.Team.A__0121,0,0,1,3,0.9999999998880469
2025-10-28.Team.C.@.Team.A__0122,1,0,0,2,0.9999881051862731
2025-10-28.Team.C.@.Team.A__0123,0,0,1,5,0.9983016367693297
2025-10-28.Team.C.@.Team.A__0125,0,0,1,5,0.9650937104402335
2025-10-28.Team.C.@.Team.A__0126,0,0,1,0,0.9999999998576916
2025-10-28.Team.C.@.Team.A__0127,0,1,0,1,0.999999921124012
2025-10-28.Team.C.@.Team.A__0128,1,0,0,0,0.9252571340312493
2025-10-28.Team.C.@.Team.A__0129,0,0,1,2,0.9995919042272037
2025-10-28.Team.C.@.Team.A__0130,1,0,0,5,0.9482089688500108
2025-10-28.Team.C.@.Team.A__0131,0,0,1,5,0.9995724804260382
2025-10-28.Team.C.@.Team.A__0132,0,1,0,2,0.9997758375034336
2025-10-28.Team.C.@.Team.A__0133,0,1,0,2,0.9999995899671793
2025-10-28.Team.C.@.Team.A__0134,0,1,0,3,0.9999995129941666
2025-10-28.Team.C.@.Team.A__0136,0,0,1,5,0.9992672392830828
2025-10-28.Team.C.@.Team.A__0137,1,0,0,5,0.9998253576756468
2025-10-28.Team.C.@.Team.A__0138,1,0,0,0,0.9967835727309002
2025-10-28.Team.C.@.Team.A__0139,1,0,0,1,0.9999994271325916
2025-10-28.Team.C.@.Team.A__0140,0,0,1,2,0.9339322530117427
2025-10-28.Team.C.@.Team.A__0141,0,0,1,2,0.9999999999649666
2025-10-28.Team.C.@.Team.A__0142,0,0,1,5,0.999986360968453
2025-10-28.Team.C.@.Team.A__0143,0,0,1,0,0.9990745316611012
2025-10-28.Team.C.@.Team.A__0144,0,0,1,5,0.9997873976805122
2025-10-28.Team.C.@.Team.A__0145,0,0,1,5,0.9999987870917569
2025-10-28.Team.C.@.Team.A__0146,0,0,1,4,0.9980528660276234
2025-10-28.Team.C.@.Team.A__0149,0,0,1,4,0.9999997813243543
2025-10-28.Team.C.@.Team.A__0150,0,0,1,2,0.999992732347533
2025-10-28.Team.C.@.Team.A__0151,1,0,0,1,0.9999999795901882
2025-10-28.Team.C.@.Team.A__0152,0,0,1,2,0.9999938036458258
2025-10-28.Team.C.@.Team.A__0153,0,0,1,0,0.994438370613646
2025-10-28.Team.C.@.Team.A__0154,0,0,1,5,0.9964283503115047
2025-10-28.Team.C.@.Team.A__0155,0,0,1,5,0.9997637751235963
2025-10-28.Team.C.@.Team.A__0156,1,0,0,0,0.9999121259207663
2025-10-28.Team.C.@.Team.A__0157,1,0,0,5,0.9998163957188118
2025-10-28.Team.C.@.Team.A__0158,0,0,1,3,0.9999375306942871
2025-10-28.Team.C.@.Team.A__0159,1,0,0,2,0.9999999999996172
2025-10-28.Team.C.@.Team.A__0160,1,0,0,0,0.9993767832353144
2025-10-28.Team.C.@.Team.A__0161,0,0,1,0,0.9988405494367633
2025-10-28.Team.C.@.Team.A__0162,0,0,0,5,0.9993695960554294
2025-10-28.Team.C.@.Team.A__0163,0,0,1,3,0.984847310275475
2025-10-28.Team.C.@.Team.A__0164,0,0,1,2,0.9999985968288864
2025-10-28.Team.C.@.Team.A__0165,0,0,1,5,0.9999755470754182
2025-10-28.Team.C.@.Team.A__0167,1,0,0,2,0.9999995899040118
2025-10-28.Team.C.@.Team.A__0168,1,0,0,0,0.9999885332210635
2025-10-28.Team.C.@.Team.A__0169,0,0,1,2,0.9980010798561634
2025-10-28.Team.C.@.Team.A__0171,0,0,1,3,1.0
2025-10-28.Team.C.@.Team.A__0172,1,0,0,2,0.9813457429670603
2025-10-28.Team.C.@.Team.A__0173,1,0,0,5,0.9754640696634173
2025-10-28.Team.C.@.Team.A__0174,1,0,0,2,0.9999573717920689
2025-10-28.Team.C.@.Team.A__0175,0,1,0,0,0.9947545853515077
2025-10-28.Team.C.@.Team.A__0176,0,0,1,3,0.9960862512336379
2025-10-28.Team.C.@.Team.A__0177,0,0,1,0,0.9994944688982097
2025-10-28.Team.C.@.Team.A__0179,0,1,0,1,0.957795010170125
2025-10-28.Team.C.@.Team.A__0180,0,1,0,5,0.9224337987664601
2025-10-28.Team.C.@.Team.A__0182,0,0,1,2,0.9999999999709885
2025-10-28.Team.C.@.Team.A__0183,0,0,1,5,0.9999709908204711
2025-10-28.Team.C.@.Team.A__0184,0,1,0,0,0.9999999473422894
2025-10-28.Team.C.@.Team.A__0185,0,0,0,5,0.9999945677645081
2025-10-28.Team.C.@.Team.A__0186,0,0,1,2,0.9999140859460052
2025-10-28.Team.C.@.Team.A__0187,0,0,1,2,0.999999999999249
2025-10-28.Team.C.@.Team.A__0188,0,0,1,5,0.9999862234529971
2025-10-28.Team.C.@.Team.A__0189,0,0,1,5,0.9980522088519154
2025-10-28.Team.C.@.Team.A__0190,1,0,0,0,0.9999048684055559
2025-10-28.Team.C.@.Team.A__0191,0,1,0,5,0.9944502711989711
2025-10-28.Team.C.@.Team.A__0192,0,1,0,3,0.9999999979096295
2025-10-28.Team.C.@.Team.A__0193,0,0,1,2,0.9996636128606384
2025-10-28.Team.C.@.Team.A__0194,0,0,1,0,0.9999887385055153
2025-10-28.Team.C.@.Team.A__0195,0,0,1,0,0.9995329488068364
2025-10-28.Team.C.@.Team.A__0196,0,0,1,2,0.9999999635088563
2025-10-28.Team.C.@.Team.A__0197,0,1,0,0,0.9999999979743484
2025-10-29.Team.G.@.Team.L__0000,1,0,0,1,0.9999985060654385
2025-10-29.Team.G.@.Team.L__0001,1,0,0,5,0.9999260038450825
2025-10-29.Team.G.@.Team.L__0002,0,0,1,3,0.9995425185874638
2025-10-29.Team.G.@.Team.L__0003,0,0,0,1,0.9560560355524939
2025-10-29.Team.G.@.Team.L__0004,0,0,1,2,0.9999999733238821
2025-10-29.Team.G.@.Team.L__0005,0,0,1,2,0.8982327002232975
2025-10-29.Team.G.@.Team.L__0006,1,0,0,1,0.9999999999999982
2025-10-29.Team.G.@.Team.L__0007,1,0,0,5,0.9999998423960972
2025-10-29.Team.G.@.Team.L__0008,0,0,1,3,0.9999800089253377
2025-10-29.Team.G.@.Team.L__0010,1,0,0,1,0.9991555624314268
2025-10-29.Team.G.@.Team.L__0011,0,0,0,5,0.9999150253413273
2025-10-29.Team.G.@.Team.L__0012,0,0,0,0,0.9988320464903433
2025-10-29.Team.G.@.Team.L__0013,0,1,0,2,0.9999999493689572
2025-10-29.Team.G.@.Team.L__0014,0,1,0,5,0.9983182595169314
2025-10-29.Team.G.@.Team.L__0015,1,0,0,0,0.9927944979768365
2025-10-29.Team.G.@.Team.L__0016,0,0,1,3,0.9991109865098132
2025-10-29.Team.G.@.Team.L__0017,0,0,1,2,0.9999999999926494
2025-10-29.Team.G.@.Team.L__0018,0,0,1,0,0.9978992428544081
2025-10-29.Team.G.@.Team.L__0019,0,0,1,0,0.9999999517248088
2025-10-29.Team.G.@.Team.L__0021,0,1,0,2,0.999998332793983
2025-10-29.Team.G.@.Team.L__0023,0,0,1,5,0.9970116764567084
2025-10-29.Team.G.@.Team.L__0024,0,1,0,1,0.9999999999927862
2025-10-29.Team.G.@.Team.L__0025,0,0,1,2,0.9984372081655705
2025-10-29.Team.G.@.Team.L__0026,0,0,1,4,0.9915489223501124
2025-10-29.Team.G.@.Team.L__0027,0,1,0,1,0.9999742139889884
2025-10-29.Team.G.@.Team.L__0028,0,0,1,0,0.9999783315385616
2025-10-29.Team.G.@.Team.L__0029,1,0,0,0,0.9743308963017199
2025-10-29.Team.G.@.Team.L__0030,0,0,1,0,0.9999414584090413
2025-10-29.Team.G.@.Team.L__0031,0,0,1,5,0.9999752244404024
2025-10-29.Team.G.@.Team.L__0033,1,0,0,0,0.9999247915617192
2025-10-29.Team.G.@.Team.L__0034,1,0,0,4,0.9959920812592995
2025-10-29.Team.G.@.Team.L__0035,0,0,1,3,0.9999992012155225
2025-10-29.Team.G.@.Team.L__0036,0,0,0,0,0.9999694373315534
2025-10-29.Team.G.@.Team.L__0037,0,0,1,2,0.999999998994431
2025-10-29.Team.G.@.Team.L__0039,0,0,1,0,0.9996248498382544
2025-10-29.Team.G.@.Team.L__0040,0,1,0,1,0.9999997830228015
2025-10-29.Team.G.@.Team.L__0041,0,0,1,0,0.5199538365814635
2025-10-29.Team.G.@.Team.L__0042,0,0,0,3,0.9999630492360934
2025-10-29.Team.G.@.Team.L__0043,0,0,1,5,0.999983239587844
2025-10-29.Team.G.@.Team.L__0044,0,1,0,0,0.9704759035736923
2025-10-29.Team.G.@.Team.L__0045,1,0,0,0,0.9999999999992344
2025-10-29.Team.G.@.Team.L__0047,0,1,0,2,0.9882680493083508
2025-10-29.Team.G.@.Team.L__0048,0,1,0,0,0.998767255481858
2025-10-29.Team.G.@.Team.L__0050,0,1,0,3,0.999999909254616
2025-10-29.Team.G.@.Team.L__0051,0,0,1,3,0.997429415484486
2025-10-29.Team.G.@.Team.L__0053,0,0,0,3,0.9999976601549544
2025-10-29.Team.G.@.Team.L__0054,1,0,0,0,0.990758545955043
2025-10-29.Team.G.@.Team.L__0055,0,0,1,1,0.9999999726953318
2025-10-29.Team.G.@.Team.L__0056,1,0,0,4,0.9999964139515866
2025-10-29.Team.G.@.Team.L__0057,1,0,0,5,0.9934692330380092
2025-10-29.Team.G.@.Team.L__0058,1,0,0,2,0.9999949186994221
2025-10-29.Team.G.@.Team.L__0059,0,0,1,4,1.0
2025-10-29.Team.G.@.Team.L__0060,0,1,0,2,0.9917731672375559
2025-10-29.Team.G.@.Team.L__0061,0,0,0,5,0.9974583242890969
2025-10-29.Team.G.@.Team.L__0063,0,0,1,1,1.0
2025-10-29.Team.G.@.Team.L__0064,0,1,0,0,0.9999963273181093
2025-10-29.Team.G.@.Team.L__0065,0,0,1,3,0.989231878995656
2025-10-29.Team.G.@.Team.L__0066,0,0,1,2,0.9950870686798498
2025-10-29.Team.G.@.Team.L__0067,1,0,0,0,0.925259347503915
2025-10-29.Team.G.@.Team.L__0068,0,1,0,0,0.9999400715619379
2025-10-29.Team.G.@.Team.L__0069,0,1,0,0,0.9400275672459211
2025-10-29.Team.G.@.Team.L__0070,1,0,0,1,0.9997221583062682
2025-10-29.Team.G.@.Team.L__0071,0,0,0,0,0.9999999999998099
2025-10-29.Team.G.@.Team.L__0072,0,1,0,0,0.999575516236917
2025-10-29.Team.G.@.Team.L__0073,1,0,0,2,0.9999506296316688
2025-10-29.Team.G.@.Team.L__0074,0,0,1,0,0.9999994932403032
2025-10-29.Team.G.@.Team.L__0075,0,0,1,5,0.998467474445501
2025-10-29.Team.G.@.Team.L__0076,0,0,1,0,0.9976869584685384
2025-10-29.Team.G.@.Team.L__0077,0,0,1,4,0.9993317373728999
2025-10-29.Team.G.@.Team.L__0078,0,0,1,1,0.9999240597888062
2025-10-29.Team.G.@.Team.L__0080,0,0,1,5,0.9865464823623457
2025-10-29.Team.G.@.Team.L__0081,1,0,0,0,0.9999281059822839
2025-10-29.Team.G.@.Team.L__0082,0,0,1,1,0.9993219050486454
2025-10-29.Team.G.@.Team.L__0083,0,0,1,0,0.9996460883875036
2025-10-29.Team.G.@.Team.L__0085,1,0,0,0,0.9993606497315465
2025-10-29.Team.G.@.Team.L__0086,0,0,1,0,0.9421075443132996
2025-10-29.Team.G.@.Team.L__0087,0,1,0,0,0.9999999999999476
2025-10-29.Team.G.@.Team.L__0088,0,0,0,5,0.9999081648466571
2025-10-29.Team.G.@.Team.L__0090,0,1,0,2,0.9998689408894119
2025-10-29.Team.G.@.Team.L__0091,1,0,0,0,0.9985275203224366
2025-10-29.Team.G.@.Team.L__0092,1,0,0,0,0.9999999999761675
2025-10-29.Team.G.@.Team.L__0093,0,1,0,2,0.9999999419171751
2025-10-29.Team.G.@.Team.L__0095,0,0,1,5,0.9998113380496871
2025-10-29.Team.G.@.Team.L__0096,1,0,0,2,0.9999984028747946
2025-10-29.Team.G.@.Team.L__0097,1,0,0,0,0.9996385325241853
2025-10-29.Team.G.@.Team.L__0098,0,0,0,5,0.9999997145612193
2025-10-29.Team.G.@.Team.L__0099,0,0,0,5,0.998248816018461
2025-10-29.Team.G.@.Team.L__0105,0,0,1,2,0.998534550411629
2025-10-29.Team.G.@.Team.L__0106,0,1,0,2,0.8989177180037211
2025-10-29.Team.G.@.Team.L__0107,1,0,0,4,0.9755358208118365
2025-10-29.Team.G.@.Team.L__0108,1,0,0,1,0.9999998616092902
2025-10-29.Team.G.@.Team.L__0110,0,0,1,2,0.9873792752288987
2025-10-29.Team.G.@.Team.L__0111,0,1,0,2,0.999999998563001
2025-10-29.Team.G.@.Team.L__0112,0,1,0,2,0.9907321730369264
2025-10-29.Team.G.@.Team.L__0113,0,1,0,3,0.9999996645359163
2025-10-29.Team.G.@.Team.L__0114,0,0,1,2,0.9999999916206652
2025-10-29.Team.G.@.Team.L__0115,0,1,0,0,0.9999990124670659
2025-10-29.Team.G.@.Team.L__0117,0,1,0,0,0.9999922871844161
2025-10-29.Team.G.@.Team.L__0118,0,1,0,2,0.9999766916757732
2025-10-29.Team.G.@.Team.L__0119,0,1,0,2,0.9999999881969907
2025-10-29.Team.G.@.Team.L__0121,0,0,1,0,0.9686081829508314
2025-10-29.Team.G.@.Team.L__0122,0,0,1,2,0.9995240920427502
2025-10-29.Team.G.@.Team.L__0123,0,0,1,2,0.999999981356841
2025-10-29.Team.G.@.Team.L__0124,0,0,1,5,0.9999867442052726
2025-10-29.Team.G.@.Team.L__0125,1,0,0,5,0.9941073769490455
2025-10-29.Team.G.@.Team.L__0126,0,1,0,0,0.9452901617787927
2025-10-29.Team.G.@.Team.L__0128,0,1,0,0,0.9999999998988098
2025-10-29.Team.G.@.Team.L__0131,0,0,1,5,0.9999981388251458
2025-10-29.Team.G.@.Team.L__0132,0,0,1,0,0.9999989484589094
2025-10-29.Team.G.@.Team.L__0133,0,0,1,2,0.999740908699869
2025-10-29.Team.G.@.Team.L__0134,0,0,1,5,0.9999703589577604
2025-10-29.Team.G.@.Team.L__0135,0,0,1,3,0.9994907848765563
2025-10-29.Team.G.@.Team.L__0137,0,0,1,1,0.7829239676852073
2025-10-29.Team.G.@.Team.L__0138,0,0,0,2,0.9999999251463644
2025-10-29.Team.G.@.Team.L__0139,0,1,0,3,0.9996372721932547
2025-10-29.Team.G.@.Team.L__0140,1,0,0,5,0.9990228241443365
2025-10-29.Team.G.@.Team.L__0141,1,0,0,0,0.9999987560481528
2025-10-29.Team.G.@.Team.L__0142,0,0,1,2,0.9910134820410098
2025-10-29.Team.G.@.Team.L__0143,1,0,0,0,0.9999988185749672
2025-10-29.Team.G.@.Team.L__0144,0,0,1,0,0.9999723919140616
2025-10-29.Team.G.@.Team.L__0145,1,0,0,0,0.9999921783492018
2025-10-29.Team.G.@.Team.L__0146,0,0,1,0,0.9999981151701752
2025-10-29.Team.G.@.Team.L__0148,0,0,1,0,0.9882493056670751
2025-10-29.Team.G.@.Team.L__0149,0,0,0,5,0.9975619650037651
2025-10-29.Team.G.@.Team.L__0150,0,0,1,5,0.9934924374832593
2025-10-29.Team.G.@.Team.L__0151,0,0,1,2,0.9999976541142854
2025-10-29.Team.G.@.Team.L__0152,0,0,1,4,0.9965381642005878
2025-10-29.Team.G.@.Team.L__0154,0,1,0,5,0.9999993759235528
2025-10-29.Team.G.@.Team.L__0155,0,0,1,2,0.9998953186730496
2025-10-29.Team.G.@.Team.L__0156,0,0,1,2,0.999989104875785
2025-10-29.Team.G.@.Team.L__0157,1,0,0,1,0.9999693526742742
2025-10-29.Team.G.@.Team.L__0158,1,0,0,4,0.9975905737054851
2025-10-29.Team.G.@.Team.L__0159,1,0,0,3,0.9307983727323502
2025-10-29.Team.G.@.Team.L__0160,0,0,1,5,0.9977266505633209
2025-10-29.Team.G.@.Team.L__0161,0,0,1,5,0.9994204991739184
2025-10-29.Team.G.@.Team.L__0162,0,0,1,0,0.9984732778390472
2025-10-29.Team.G.@.Team.L__0163,0,1,0,5,0.9999903496688773
2025-10-29.Team.G.@.Team.L__0165,0,1,0,2,0.9999534006840152
2025-10-29.Team.G.@.Team.L__0167,0,0,1,4,1.0
2025-10-29.Team.G.@.Team.L__0168,0,1,0,0,0.9857266277970954
2025-10-29.Team.G.@.Team.L__0170,0,0,1,0,0.999994500257124
2025-10-29.Team.G.@.Team.L__0172,0,1,0,0,0.9992053845962588
2025-10-29.Team.G.@.Team.L__0174,1,0,0,2,0.999996504435059
2025-10-29.Team.G.@.Team.L__0175,1,0,0,1,0.9999944923410444
2025-10-29.Team.G.@.Team.L__0176,0,1,0,0,0.9999997205525242
2025-10-29.Team.G.@.Team.L__0177,1,0,0,2,0.9999428816210872
2025-10-29.Team.G.@.Team.L__0178,1,0,0,2,0.9999995409931521
2025-10-29.Team.G.@.Team.L__0179,0,0,1,5,0.9999976651488044
2025-10-29.Team.G.@.Team.L__0180,0,0,1,0,0.9794721411816262
2025-10-29.Team.G.@.Team.L__0181,0,0,1,0,0.9900169488031358
2025-10-29.Team.G.@.Team.L__0182,0,1,0,5,0.9987030068450304
2025-10-29.Team.G.@.Team.L__0183,0,1,0,5,0.9986507179486048
2025-10-29.Team.G.@.Team.L__0185,0,1,0,0,0.9999999999982023
2025-10-29.Team.G.@.Team.L__0186,0,0,1,5,0.9998324391275458
2025-10-29.Team.G.@.Team.L__0187,0,0,1,2,0.9999998321121332
2025-10-29.Team.G.@.Team.L__0188,1,0,0,0,0.9999558511567606
2025-10-29.Team.G.@.Team.L__0189,0,1,0,3,0.524396829785142
2025-10-29.Team.G.@.Team.L__0190,0,1,0,0,0.9999643536322713
2025-10-29.Team.G.@.Team.L__0191,0,1,0,3,1.0
2025-10-29.Team.G.@.Team.L__0192,1,0,0,5,0.9999516980004464
2025-10-29.Team.G.@.Team.L__0193,0,0,1,0,0.9999997530371164
2025-10-29.Team.G.@.Team.L__0194,0,0,1,5,0.9998766731571208
2025-10-29.Team.G.@.Team.L__0195,1,0,0,1,0.9999999525074554
2025-10-29.Team.G.@.Team.L__0196,1,0,0,5,0.9997086474286048
2025-10-29.Team.G.@.Team.L__0197,0,1,0,0,0.9998147153444915
2025-10-29.Team.G.@.Team.L__0198,1,0,0,0,0.999999939223082
2025-10-29.Team.G.@.Team.L__0199,0,0,0,2,0.9991074308007155
2025-10-29.Team.G.@.Team.L__0200,0,1,0,4,0.9999811159885181
2025-10-29.Team.G.@.Team.L__0201,0,1,0,0,0.9999999945335398
2025-10-29.Team.G.@.Team.L__0202,0,1,0,0,0.9928147384134648
2025-10-29.Team.G.@.Team.L__0203,0,0,0,5,0.9999637044186381
2025-10-29.Team.G.@.Team.L__0204,0,1,0,2,0.9990899257963636
2025-10-29.Team.G.@.Team.L__0205,1,0,0,5,0.999954591886037
2025-10-29.Team.G.@.Team.L__0206,1,0,0,0,0.9997418049011806
2025-11-02.Team.D.@.Team.A__0000,1,0,0,2,0.9926043128239066
2025-11-02.Team.D.@.Team.A__0001,0,0,0,5,0.9788371652074174
2025-11-02.Team.D.@.Team.A__0002,0,0,0,2,0.9999999999969815
2025-11-02.Team.D.@.Team.A__0003,0,0,1,0,0.9109898224287774
2025-11-02.Team.D.@.Team.A__0004,1,0,0,0,0.9994294538130789
2025-11-02.Team.D.@.Team.A__0005,0,0,1,2,0.9999957232083739
2025-11-02.Team.D.@.Team.A__0006,0,0,1,2,0.9998809236807743
2025-11-02.Team.D.@.Team.A__0007,1,0,0,1,0.9989283762238057
2025-11-02.Team.D.@.Team.A__0008,0,0,1,0,0.6181321210181173
2025-11-02.Team.D.@.Team.A__0009,0,1,0,0,0.9999999990532145
2025-11-02.Team.D.@.Team.A__0010,1,0,0,5,0.947656279693606
2025-11-02.Team.D.@.Team.A__0011,0,0,1,4,1.0
2025-11-02.Team.D.@.Team.A__0012,0,0,1,0,0.9999909010377416
2025-11-02.Team.D.@.Team.A__0013,0,0,1,3,0.9861503286475335
2025-11-02.Team.D.@.Team.A__0014,1,0,0,5,0.998978635624018
2025-11-02.Team.D.@.Team.A__0015,0,0,1,3,0.9502906434502278
2025-11-02.Team.D.@.Team.A__0016,0,0,0,5,0.9362714340307887
2025-11-02.Team.D.@.Team.A__0017,0,0,1,5,0.9973711066333472
2025-11-02.Team.D.@.Team.A__0018,0,0,1,0,0.9999665501522482
2025-11-02.Team.D.@.Team.A__0019,0,0,1,4,0.9991980157573623
2025-11-02.Team.D.@.Team.A__0020,0,1,0,2,1.0
2025-11-02.Team.D.@.Team.A__0021,0,1,0,0,0.9785880357054765
2025-11-02.Team.D.@.Team.A__0023,1,0,0,5,0.9999450570237136
2025-11-02.Team.D.@.Team.A__0024,1,0,0,0,0.9999998662364137
2025-11-02.Team.D.@.Team.A__0025,0,1,0,3,0.9999993752391381
2025-11-02.Team.D.@.Team.A__0026,1,0,0,4,1.0
2025-11-02.Team.D.@.Team.A__0027,0,0,1,2,0.9982009555650267
2025-11-02.Team.D.@.Team.A__0028,0,0,1,5,0.9997851200590592
2025-11-02.Team.D.@.Team.A__0029,0,1,0,3,0.9999912173148926
2025-11-02.Team.D.@.Team.A__0030,0,0,1,1,0.9999999999999858
2025-11-02.Team.D.@.Team.A__0031,0,1,0,0,0.999429885769556
2025-11-02.Team.D.@.Team.A__0032,1,0,0,0,0.9995972748644033
2025-11-02.Team.D.@.Team.A__0033,1,0,0,0,0.9999974586127952
2025-11-02.Team.D.@.Team.A__0034,1,0,0,0,0.999092358704238
2025-11-02.Team.D.@.Team.A__0035,0,0,1,2,0.9997890914999004
2025-11-02.Team.D.@.Team.A__0036,0,0,0,5,0.985313303808542
2025-11-02.Team.D.@.Team.A__0037,0,1,0,2,0.9999999053155522
2025-11-02.Team.D.@.Team.A__0038,0,0,1,5,0.9999536936503439
2025-11-02.Team.D.@.Team.A__0039,0,0,1,5,0.999982576241508
2025-11-02.Team.D.@.Team.A__0040,0,0,1,5,0.9999131093193432
2025-11-02.Team.D.@.Team.A__0041,0,1,0,0,0.9939472232213998
2025-11-02.Team.D.@.Team.A__0042,0,0,1,0,0.9999966819592658
2025-11-02.Team.D.@.Team.A__0043,0,0,1,3,0.8179157013793489
2025-11-02.Team.D.@.Team.A__0044,1,0,0,0,0.9814040897703133
2025-11-02.Team.D.@.Team.A__0045,0,0,1,0,0.9999938055993817
2025-11-02.Team.D.@.Team.A__0046,1,0,0,5,0.977918130210283
2025-11-02.Team.D.@.Team.A__0048,0,0,1,2,0.9999999941568598
2025-11-02.Team.D.@.Team.A__0049,0,0,1,0,0.99971853740072
2025-11-02.Team.D.@.Team.A__0050,1,0,0,5,0.9999821714614466
2025-11-02.Team.D.@.Team.A__0051,1,0,0,2,0.9999684624900964
2025-11-02.Team.D.@.Team.A__0053,0,0,1,2,0.9717802961612082
2025-11-02.Team.D.@.Team.A__0054,0,1,0,5,0.9991714432706779
2025-11-02.Team.D.@.Team.A__0055,0,0,1,5,0.9955168171215073
2025-11-02.Team.D.@.Team.A__0056,0,0,1,3,0.5643686673985364
2025-11-02.Team.D.@.Team.A__0058,0,0,1,0,0.9991666377884614
2025-11-02.Team.D.@.Team.A__0059,0,0,1,0,0.9999999391311559
2025-11-02.Team.D.@.Team.A__0060,0,0,1,5,0.9677272028730483
2025-11-02.Team.D.@.Team.A__0061,0,0,1,0,0.9999503121382167
2025-11-02.Team.D.@.Team.A__0062,1,0,0,5,0.9993198431858742
2025-11-02.Team.D.@.Team.A__0063,1,0,0,5,0.9999887664560317
2025-11-02.Team.D.@.Team.A__0064,0,0,1,0,0.9931042521411667
2025-11-02.Team.D.@.Team.A__0066,0,0,0,2,0.9999999998539755
2025-11-02.Team.D.@.Team.A__0067,0,0,1,5,0.8307274981167504
2025-11-02.Team.D.@.Team.A__0068,0,0,1,5,0.9998891593302801
2025-11-02.Team.D.@.Team.A__0069,0,1,0,0,0.9999999897384679
2025-11-02.Team.D.@.Team.A__0071,0,0,1,0,0.8086084561554507
2025-11-02.Team.D.@.Team.A__0072,1,0,0,0,0.9999923854170173
2025-11-02.Team.D.@.Team.A__0073,1,0,0,0,0.9893380028456523
2025-11-02.Team.D.@.Team.A__0074,0,0,0,5,0.9801457311943383
2025-11-02.Team.D.@.Team.A__0075,0,1,0,2,0.9999990403085957
2025-11-02.Team.D.@.Team.A__0076,0,0,1,5,0.9999580306020616
2025-11-02.Team.D.@.Team.A__0077,0,1,0,2,0.9999999999990505
2025-11-02.Team.D.@.Team.A__0078,0,0,1,3,1.0
2025-11-02.Team.D.@.Team.A__0080,1,0,0,5,0.8752508297961737
2025-11-02.Team.D.@.Team.A__0081,1,0,0,5,0.9999909147350395
2025-11-02.Team.D.@.Team.A__0082,0,0,1,5,0.9993968494497388
2025-11-02.Team.D.@.Team.A__0083,0,0,1,0,0.9989630382194226
2025-11-02.Team.D.@.Team.A__0084,1,0,0,2,0.9999195245361927
2025-11-02.Team.D.@.Team.A__0085,0,0,1,0,0.9679062994662593
2025-11-02.Team.D.@.Team.A__0086,0,1,0,0,0.9999864287802573
2025-11-02.Team.D.@.Team.A__0087,0,0,1,4,0.9980011637717778
2025-11-02.Team.D.@.Team.A__0088,0,0,1,0,0.7887155733291001
2025-11-02.Team.D.@.Team.A__0089,1,0,0,0,0.9999978625428083
2025-11-02.Team.D.@.Team.A__0090,0,0,1,0,0.964682291840246
2025-11-02.Team.D.@.Team.A__0091,0,0,1,5,0.9999700055897291
2025-11-02.Team.D.@.Team.A__0092,0,0,1,4,0.9967041840637773
2025-11-02.Team.D.@.Team.A__0093,1,0,0,1,0.9999992998524809
2025-11-02.Team.D.@.Team.A__0094,0,0,1,0,0.9880999078346822
2025-11-02.Team.D.@.Team.A__0095,0,0,1,2,0.8542057380799404
2025-11-02.Team.D.@.Team.A__0096,1,0,0,4,0.9999999998193232
2025-11-02.Team.D.@.Team.A__0097,0,1,0,0,0.9937100583609205
2025-11-02.Team.D.@.Team.A__0098,1,0,0,4,1.0
2025-11-02.Team.D.@.Team.A__0099,0,0,0,1,1.0
2025-11-02.Team.D.@.Team.A__0100,1,0,0,4,0.9999999999604512
2025-11-02.Team.D.@.Team.A__0101,0,0,1,2,0.9998309137161417
2025-11-02.Team.D.@.Team.A__0102,0,0,1,2,0.9999972171161329
2025-11-02.Team.D.@.Team.A__0103,0,0,1,2,0.9999999999231495
2025-11-02.Team.D.@.Team.A__0104,0,1,0,2,0.9990173872967587
2025-11-02.Team.D.@.Team.A__0105,0,1,0,2,0.999999999999897
2025-11-02.Team.D.@.Team.A__0106,0,1,0,0,0.9999968320990518
2025-11-02.Team.D.@.Team.A__0107,0,0,1,5,0.9999960690435472
2025-11-02.Team.D.@.Team.A__0108,0,0,1,0,0.667593611303008
2025-11-02.Team.D.@.Team.A__0109,0,0,1,2,0.999999309408797
2025-11-02.Team.D.@.Team.A__0110,1,0,0,2,0.9999999736812545
2025-11-02.Team.D.@.Team.A__0111,1,0,0,5,0.9990236120888275
2025-11-02.Team.D.@.Team.A__0112,0,1,0,5,0.9999364535136883
2025-11-02.Team.D.@.Team.A__0114,0,0,1,1,1.0
2025-11-02.Team.D.@.Team.A__0115,0,0,1,1,0.9958840848175383
2025-11-02.Team.D.@.Team.A__0116,0,1,0,0,0.9924000011658232
2025-11-02.Team.D.@.Team.A__0117,0,1,0,1,1.0
2025-11-02.Team.D.@.Team.A__0120,0,0,1,0,0.9999993384638758
2025-11-02.Team.D.@.Team.A__0121,0,0,1,2,0.9999999999856897
2025-11-02.Team.D.@.Team.A__0122,1,0,0,5,0.9999679250421392
2025-11-02.Team.D.@.Team.A__0123,0,1,0,0,0.999955530860789
2025-11-02.Team.D.@.Team.A__0124,1,0,0,5,0.9946032890835715
2025-11-02.Team.D.@.Team.A__0125,0,0,0,0,0.9999964764215074
2025-11-02.Team.D.@.Team.A__0126,0,1,0,2,0.9999982533227638
2025-11-02.Team.D.@.Team.A__0127,1,0,0,4,0.9999930349441932
2025-11-02.Team.D.@.Team.A__0128,0,0,1,2,0.9989598461267863
2025-11-02.Team.D.@.Team.A__0129,1,0,0,1,1.0
2025-11-02.Team.D.@.Team.A__0131,0,0,1,4,0.9995506448964054
2025-11-02.Team.D.@.Team.A__0132,1,0,0,5,0.9998387190688699
2025-11-02.Team.D.@.Team.A__0133,0,0,1,5,0.9980342751061502
2025-11-02.Team.D.@.Team.A__0134,0,0,1,0,0.9999958363928619
2025-11-02.Team.D.@.Team.A__0135,1,0,0,0,0.9029243407803956
2025-11-02.Team.D.@.Team.A__0136,1,0,0,2,0.9971123419259159
2025-11-02.Team.D.@.Team.A__0137,1,0,0,3,0.884683707333502
2025-11-02.Team.D.@.Team.A__0139,0,0,1,2,0.9999999626217304
2025-11-02.Team.D.@.Team.A__0140,1,0,0,2,0.9998738672894584
2025-11-02.Team.D.@.Team.A__0141,0,0,1,0,0.9999125473379781
2025-11-02.Team.D.@.Team.A__0143,0,1,0,2,0.9891595561114449
2025-11-02.Team.D.@.Team.A__0145,0,0,1,1,0.999999999999936
2025-11-02.Team.D.@.Team.A__0146,0,0,1,2,0.9999550803298048
2025-11-02.Team.D.@.Team.A__0147,1,0,0,0,0.999915198356918
2025-11-02.Team.D.@.Team.A__0148,1,0,0,1,0.9999999995589324
2025-11-02.Team.D.@.Team.A__0149,0,0,1,0,0.9998193607638163
2025-11-02.Team.D.@.Team.A__0150,0,0,1,2,0.9970777766391403
2025-11-02.Team.D.@.Team.A__0151,1,0,0,0,0.9998541633526188
2025-11-02.Team.D.@.Team.A__0153,1,0,0,2,0.8212942599606141
2025-11-02.Team.D.@.Team.A__0154,0,0,1,5,0.9999915299256639
2025-11-02.Team.D.@.Team.A__0155,0,0,1,5,0.9999986826265992
2025-11-02.Team.D.@.Team.A__0157,0,0,1,0,0.9999972478005753
2025-11-02.Team.D.@.Team.A__0159,0,1,0,5,0.9960827080624179
2025-11-02.Team.D.@.Team.A__0160,0,0,1,2,0.9999999994661621
2025-11-02.Team.D.@.Team.A__0161,0,0,1,1,0.9999843757114947
2025-11-02.Team.D.@.Team.A__0162,0,0,1,3,0.9999999997430127
2025-11-02.Team.D.@.Team.A__0163,0,0,1,5,0.987305687266691
2025-11-02.Team.D.@.Team.A__0164,1,0,0,3,0.9998856891844549
2025-11-02.Team.D.@.Team.A__0165,0,0,0,0,0.9999759347231502
2025-11-02.Team.D.@.Team.A__0166,0,1,0,0,0.9999966434468788
2025-11-02.Team.D.@.Team.A__0167,0,0,1,5,0.9999083886897755
2025-11-02.Team.D.@.Team.A__0168,0,0,1,0,0.9997722382254982
2025-11-02.Team.D.@.Team.A__0170,0,0,0,3,0.5914570342253508
2025-11-02.Team.D.@.Team.A__0171,1,0,0,0,0.9999946675582123
2025-11-02.Team.D.@.Team.A__0173,0,0,1,5,0.9999931400378652
2025-11-02.Team.D.@.Team.A__0174,1,0,0,4,0.9999293408165606
2025-11-02.Team.D.@.Team.A__0175,1,0,0,5,0.9907839408494463
2025-11-02.Team.D.@.Team.A__0176,0,0,1,5,0.9999927054862204
2025-11-02.Team.D.@.Team.A__0177,0,0,1,5,0.9999536161986288
2025-11-02.Team.D.@.Team.A__0178,0,0,1,5,0.9999622583533601
2025-11-02.Team.D.@.Team.A__0179,0,0,1,0,0.9999909081634731
2025-11-02.Team.D.@.Team.A__0180,0,1,0,2,0.9999985822420677
2025-11-02.Team.D.@.Team.A__0182,0,0,1,0,0.9561884760472852
2025-11-02.Team.D.@.Team.A__0183,0,0,1,5,0.9999231662361009
2025-11-02.Team.D.@.Team.A__0184,1,0,0,0,0.9998405952001214
2025-11-02.Team.D.@.Team.A__0185,1,0,0,5,0.9999503629052314
2025-11-02.Team.D.@.Team.A__0186,1,0,0,0,0.999999999661978
2025-11-02.Team.D.@.Team.A__0187,0,0,1,4,0.8482181658828615
2025-11-02.Team.D.@.Team.A__0188,0,0,1,0,0.9999842409774274
2025-11-02.Team.D.@.Team.A__0190,1,0,0,5,0.9563397813219725
2025-11-02.Team.D.@.Team.A__0191,0,0,1,0,0.999885740405114
2025-11-02.Team.D.@.Team.A__0192,0,1,0,0,0.9970191076034652
2025-11-02.Team.D.@.Team.A__0193,0,1,0,1,0.9999999999859419
2025-11-02.Team.D.@.Team.A__0194,0,0,0,4,1.0
2025-11-16.Team.H.@.Team.K__0000,0,1,0,4,0.9730734114199477
2025-11-16.Team.H.@.Team.K__0001,1,0,0,2,0.9999999166207644
2025-11-16.Team.H.@.Team.K__0003,0,1,0,2,0.9995601939676526
2025-11-16.Team.H.@.Team.K__0004,0,1,0,3,0.9997715456329678
2025-11-16.Team.H.@.Team.K__0005,1,0,0,0,0.9999999878434984
2025-11-16.Team.H.@.Team.K__0006,0,0,1,5,0.9999972295473282
2025-11-16.Team.H.@.Team.K__0007,0,0,1,5,0.9957137917030134
2025-11-16.Team.H.@.Team.K__0008,0,0,1,5,0.999996067493757
2025-11-16.Team.H.@.Team.K__0009,0,0,1,2,0.9998903579978335
2025-11-16.Team.H.@.Team.K__0010,0,0,1,5,0.9999083049994641
2025-11-16.Team.H.@.Team.K__0011,0,0,1,5,0.9877630796086968
2025-11-16.Team.H.@.Team.K__0012,0,0,1,0,0.9999999991009032
2025-11-16.Team.H.@.Team.K__0013,0,0,0,5,0.9999792698068186
2025-11-16.Team.H.@.Team.K__0014,1,0,0,5,0.9999960019168743
2025-11-16.Team.H.@.Team.K__0015,0,0,1,5,0.9991985448574358
2025-11-16.Team.H.@.Team.K__0016,1,0,0,1,0.9999999996506266
2025-11-16.Team.H.@.Team.K__0017,0,0,0,5,0.9999975082701236
2025-11-16.Team.H.@.Team.K__0018,0,0,1,5,0.9999881684521499
2025-11-16.Team.H.@.Team.K__0019,0,0,1,5,0.996155136059848
2025-11-16.Team.H.@.Team.K__0020,0,0,1,5,0.9575028736101437
2025-11-16.Team.H.@.Team.K__0021,1,0,0,4,0.999999657296737
2025-11-16.Team.H.@.Team.K__0022,0,1,0,0,0.9999986276882754
2025-11-16.Team.H.@.Team.K__0023,0,0,1,3,1.0
2025-11-16.Team.H.@.Team.K__0024,0,1,0,0,0.9973254262738777
2025-11-16.Team.H.@.Team.K__0025,0,0,1,3,0.9754723323082172
2025-11-16.Team.H.@.Team.K__0026,1,0,0,0,0.6444853225008826
2025-11-16.Team.H.@.Team.K__0027,0,0,1,2,0.9999876757055681
2025-11-16.Team.H.@.Team.K__0029,0,0,1,5,0.9999941669574006
2025-11-16.Team.H.@.Team.K__0030,1,0,0,2,0.9786707642697237
2025-11-16.Team.H.@.Team.K__0031,1,0,0,2,0.9984751544730206
2025-11-16.Team.H.@.Team.K__0032,0,1,0,0,0.9999999868628375
2025-11-16.Team.H.@.Team.K__0033,0,0,1,0,0.9988922016286402
2025-11-16.Team.H.@.Team.K__0034,1,0,0,1,0.623991868299954
2025-11-16.Team.H.@.Team.K__0035,0,1,0,0,0.9872302909887269
2025-11-16.Team.H.@.Team.K__0036,0,0,1,3,1.0
2025-11-16.Team.H.@.Team.K__0037,0,0,1,5,0.9992117654478166
2025-11-16.Team.H.@.Team.K__0042,0,0,1,1,0.9999999652676929
2025-11-16.Team.H.@.Team.K__0043,0,1,0,5,0.9995354892793864
2025-11-16.Team.H.@.Team.K__0044,0,1,0,2,0.9999982156112137
2025-11-16.Team.H.@.Team.K__0045,1,0,0,3,0.9557388765307645
2025-11-16.Team.H.@.Team.K__0046,0,1,0,2,0.9999999999906617
2025-11-16.Team.H.@.Team.K__0048,0,0,1,5,0.9998870207619397
2025-11-16.Team.H.@.Team.K__0050,0,0,0,5,0.9999988272271569
2025-11-16.Team.H.@.Team.K__0051,0,1,0,5,0.9998907410230623
2025-11-16.Team.H.@.Team.K__0052,0,1,0,5,0.9972219974741551
2025-11-16.Team.H.@.Team.K__0053,1,0,0,0,0.9937614549804117
2025-11-16.Team.H.@.Team.K__0060,1,0,0,3,0.999999999997593
2025-11-16.Team.H.@.Team.K__0061,1,0,0,0,0.9999926555682448
2025-11-16.Team.H.@.Team.K__0062,1,0,0,5,0.9980465980911221
2025-11-16.Team.H.@.Team.K__0063,0,1,0,0,0.9993464242196474
2025-11-16.Team.H.@.Team.K__0064,0,1,0,2,0.9998371214068043
2025-11-16.Team.H.@.Team.K__0065,0,0,1,5,0.999976653724027
2025-11-16.Team.H.@.Team.K__0066,0,0,1,5,0.9997103663625528
2025-11-16.Team.H.@.Team.K__0067,1,0,0,0,0.9999999933880419
2025-11-16.Team.H.@.Team.K__0068,1,0,0,2,0.9999974539398064
2025-11-16.Team.H.@.Team.K__0069,0,1,0,2,0.9991197894300741
2025-11-16.Team.H.@.Team.K__0070,0,1,0,5,0.9991084247005354
2025-11-16.Team.H.@.Team.K__0071,0,1,0,1,0.9999999999815579
2025-11-16.Team.H.@.Team.K__0072,0,0,1,3,0.9999999685119687
2025-11-16.Team.H.@.Team.K__0073,1,0,0,0,0.9999979021676331
2025-11-16.Team.H.@.Team.K__0074,0,0,1,4,0.520364638245503
2025-11-16.Team.H.@.Team.K__0075,0,0,1,4,0.9972500917805263
2025-11-16.Team.H.@.Team.K__0076,0,0,1,2,0.997346719867934
2025-11-16.Team.H.@.Team.K__0077,1,0,0,5,0.9994163662946532
2025-11-16.Team.H.@.Team.K__0078,1,0,0,5,0.9999655024299321
2025-11-16.Team.H.@.Team.K__0079,1,0,0,4,0.9999999999448939
2025-11-16.Team.H.@.Team.K__0080,0,0,1,2,0.796132395061681
2025-11-16.Team.H.@.Team.K__0081,0,0,1,3,0.9999999585320785
2025-11-16.Team.H.@.Team.K__0082,0,0,1,5,0.9960652775446023
2025-11-16.Team.H.@.Team.K__0083,0,1,0,2,0.9999940818929504
2025-11-16.Team.H.@.Team.K__0085,0,0,1,2,0.9999995487573096
2025-11-16.Team.H.@.Team.K__0086,0,0,1,3,0.9999522277391479
2025-11-16.Team.H.@.Team.K__0087,0,1,0,0,0.9999273460001984
2025-11-16.Team.H.@.Team.K__0093,1,0,0,1,0.9999998337695177
2025-11-16.Team.H.@.Team.K__0094,0,0,0,0,0.9945354543342535
2025-11-16.Team.H.@.Team.K__0095,0,1,0,2,0.6277986925511717
2025-11-16.Team.H.@.Team.K__0098,0,0,0,5,0.9793283295442737
2025-11-16.Team.H.@.Team.K__0099,0,0,1,5,0.9975545278952055
2025-11-16.Team.H.@.Team.K__0100,0,0,1,0,0.9955454439640363
2025-11-16.Team.H.@.Team.K__0101,0,0,1,4,0.9827944106906593
2025-11-16.Team.H.@.Team.K__0102,0,0,1,0,0.9999015052861077
2025-11-16.Team.H.@.Team.K__0103,0,1,0,1,0.999998566773748
2025-11-16.Team.H.@.Team.K__0104,1,0,0,0,0.9999999999734204
2025-11-16.Team.H.@.Team.K__0105,0,0,1,0,0.9994588679430619
2025-11-16.Team.H.@.Team.K__0108,0,0,1,5,0.9970302333731381
2025-11-16.Team.H.@.Team.K__0109,0,0,0,5,0.9990717231550724
2025-11-16.Team.H.@.Team.K__0110,0,0,0,3,0.9999996844650507
2025-11-16.Team.H.@.Team.K__0112,0,0,0,2,0.999999999816053
2025-11-16.Team.H.@.Team.K__0188,1,0,0,2,0.9998776803080326
2025-11-16.Team.H.@.Team.K__0189,1,0,0,0,0.9999994030936715
2025-11-16.Team.H.@.Team.K__0190,0,1,0,0,0.9985615242638516
2025-11-16.Team.H.@.Team.K__0191,0,1,0,0,0.7334107438475822
2025-11-16.Team.H.@.Team.K__0192,0,0,1,5,0.9925837469161215
2025-11-19.Team.I.@.Team.K__0000,0,1,0,2,0.9999999994900577
2025-11-19.Team.I.@.Team.K__0001,0,1,0,0,0.9038268634142266
2025-11-19.Team.I.@.Team.K__0002,0,1,0,0,0.9996840190784666
2025-11-19.Team.I.@.Team.K__0003,0,1,0,0,0.9999999329748355
2025-11-19.Team.I.@.Team.K__0004,0,0,1,0,0.9999999995132138
2025-11-19.Team.I.@.Team.K__0005,1,0,0,0,0.9999999959908799
2025-11-19.Team.I.@.Team.K__0006,0,1,0,5,0.9997781432114456
2025-11-19.Team.I.@.Team.K__0007,0,1,0,5,0.976890808637604
2025-11-19.Team.I.@.Team.K__0008,0,0,0,0,0.9999882349080017
2025-11-19.Team.I.@.Team.K__0009,0,1,0,5,0.9950297531432333
2025-11-19.Team.I.@.Team.K__0010,0,0,1,5,0.5371874611282136
2025-11-19.Team.I.@.Team.K__0012,0,1,0,4,0.999999777005188
2025-11-19.Team.I.@.Team.K__0013,0,1,0,5,0.9999275900038399
2025-11-19.Team.I.@.Team.K__0014,0,0,1,2,0.9999993710618543
2025-11-19.Team.I.@.Team.K__0016,1,0,0,5,0.9957104955671725
2025-11-19.Team.I.@.Team.K__0017,0,1,0,0,0.9999989361495399
2025-11-19.Team.I.@.Team.K__0018,0,1,0,3,0.9999946955797501
2025-11-19.Team.I.@.Team.K__0019,0,0,1,2,0.9996074834428729
2025-11-19.Team.I.@.Team.K__0020,0,0,1,2,0.999710700392784
2025-11-19.Team.I.@.Team.K__0021,0,0,1,2,0.999997430971883
2025-11-19.Team.I.@.Team.K__0022,0,0,1,2,0.9999999998904796
2025-11-19.Team.I.@.Team.K__0023,1,0,0,0,0.9999518842313402
2025-11-19.Team.I.@.Team.K__0024,0,0,0,4,1.0
2025-11-19.Team.I.@.Team.K__0025,1,0,0,4,0.9999999999999023
2025-11-19.Team.I.@.Team.K__0026,0,1,0,0,0.9992100111058042
2025-11-19.Team.I.@.Team.K__0027,0,1,0,0,0.9999892886500018
2025-11-19.Team.I.@.Team.K__0028,1,0,0,2,0.9999999999978231
2025-11-19.Team.I.@.Team.K__0030,0,1,0,2,0.9999991782914771
2025-11-19.Team.I.@.Team.K__0032,1,0,0,2,0.6568611867371998
2025-11-19.Team.I.@.Team.K__0034,0,0,1,4,0.999999999999968
2025-11-19.Team.I.@.Team.K__0035,0,0,1,5,0.999916120896567
2025-11-19.Team.I.@.Team.K__0036,0,1,0,2,0.9683990096597159
2025-11-19.Team.I.@.Team.K__0037,1,0,0,2,0.9999660819526927
2025-11-19.Team.I.@.Team.K__0038,0,0,0,0,0.9999999966871762
2025-11-19.Team.I.@.Team.K__0039,1,0,0,1,0.999999999982953
2025-11-19.Team.I.@.Team.K__0040,0,0,1,0,0.9999997590178605
2025-11-19.Team.I.@.Team.K__0042,0,0,1,0,0.9994323528289649
2025-11-19.Team.I.@.Team.K__0043,0,0,1,0,0.9998299657817147
2025-11-19.Team.I.@.Team.K__0044,0,1,0,0,0.999988921500252
2025-11-19.Team.I.@.Team.K__0046,0,0,1,1,1.0
2025-11-19.Team.I.@.Team.K__0048,0,1,0,0,0.999965448823052
2025-11-19.Team.I.@.Team.K__0049,0,1,0,0,0.9978586971604181
2025-11-19.Team.I.@.Team.K__0051,0,0,0,5,0.9965924678402611
2025-11-19.Team.I.@.Team.K__0052,0,1,0,0,0.9998783021163758
2025-11-19.Team.I.@.Team.K__0053,0,0,1,2,0.9998947839324438
2025-11-19.Team.I.@.Team.K__0054,0,0,1,3,0.9999989191773025
2025-11-19.Team.I.@.Team.K__0055,0,0,1,2,0.9999986327120215
2025-11-19.Team.I.@.Team.K__0056,1,0,0,1,0.9848851881556572
2025-11-19.Team.I.@.Team.K__0057,0,0,1,0,0.797597041233209
2025-11-19.Team.I.@.Team.K__0059,0,1,0,0,0.999999948011792
2025-11-19.Team.I.@.Team.K__0060,0,1,0,2,1.0
2025-11-19.Team.I.@.Team.K__0061,0,0,1,2,0.9999872171737006
2025-11-19.Team.I.@.Team.K__0063,0,0,1,0,0.9995214310894838
2025-11-19.Team.I.@.Team.K__0064,0,1,0,2,0.9999999941487845
2025-11-19.Team.I.@.Team.K__0066,0,0,1,0,0.999971780744365
2025-11-19.Team.I.@.Team.K__0067,0,0,1,5,0.9999999998877733
2025-11-19.Team.I.@.Team.K__0068,0,0,1,0,0.9999949787462483
2025-11-19.Team.I.@.Team.K__0069,0,0,1,5,0.9999778556512925
2025-11-19.Team.I.@.Team.K__0070,0,0,1,0,0.9999949787462483
2025-11-19.Team.I.@.Team.K__0071,0,1,0,4,0.9559211232533615
2025-11-19.Team.I.@.Team.K__0072,0,1,0,4,0.9998536414331767
2025-11-19.Team.I.@.Team.K__0073,0,1,0,0,0.9999172608882196
2025-11-19.Team.I.@.Team.K__0074,1,0,0,1,0.9999999998205125
2025-11-19.Team.I.@.Team.K__0075,1,0,0,5,0.9990593308071829
2025-11-19.Team.I.@.Team.K__0076,0,0,1,2,0.9999976673141953
2025-11-19.Team.I.@.Team.K__0077,1,0,0,2,0.9999999439150686
2025-11-19.Team.I.@.Team.K__0078,0,1,0,2,0.9999975111068362
2025-11-19.Team.I.@.Team.K__0079,0,0,1,1,0.9700368460855322
2025-11-19.Team.I.@.Team.K__0081,0,0,1,2,0.9999999856491453
2025-11-19.Team.I.@.Team.K__0082,0,0,1,5,0.9996396137877924
2025-11-19.Team.I.@.Team.K__0084,0,1,0,0,0.9986485271290363
2025-11-19.Team.I.@.Team.K__0085,0,0,1,3,0.9999928683996228
2025-11-19.Team.I.@.Team.K__0086,0,1,0,2,0.9999999999991891
2025-11-19.Team.I.@.Team.K__0087,0,0,1,3,0.9630543224301374
2025-11-19.Team.I.@.Team.K__0088,0,0,0,5,0.9999412885415543
2025-11-19.Team.I.@.Team.K__0089,0,0,1,2,0.9999941834539178
2025-11-19.Team.I.@.Team.K__0090,0,1,0,2,0.9999965494000412
2025-11-19.Team.I.@.Team.K__0091,0,0,0,3,0.9956584569076987
2025-11-19.Team.I.@.Team.K__0092,0,1,0,2,0.9999999999993969
2025-11-19.Team.I.@.Team.K__0094,0,1,0,0,0.9999998302324857
2025-11-19.Team.I.@.Team.K__0095,0,1,0,5,0.9999996143671959
2025-11-19.Team.I.@.Team.K__0097,1,0,0,2,0.9992373802624215
2025-11-19.Team.I.@.Team.K__0098,0,1,0,3,0.9999717309330872
2025-11-19.Team.I.@.Team.K__0099,0,1,0,0,0.9999879068873309
2025-11-19.Team.I.@.Team.K__0100,0,1,0,0,0.9999925122606615
2025-11-19.Team.I.@.Team.K__0101,0,1,0,0,0.9990564506310705
2025-11-19.Team.I.@.Team.K__0102,0,0,1,2,0.9981633111025703
2025-11-19.Team.I.@.Team.K__0103,0,0,1,0,0.9999770134940762
2025-11-19.Team.I.@.Team.K__0104,0,1,0,1,0.9997043180042285
2025-11-19.Team.I.@.Team.K__0105,0,0,1,2,1.0
2025-11-19.Team.I.@.Team.K__0106,0,0,1,2,1.0
2025-11-19.Team.I.@.Team.K__0107,0,0,1,0,0.9999982924058153
2025-11-19.Team.I.@.Team.K__0108,0,0,1,3,0.999950365841424
2025-11-19.Team.I.@.Team.K__0109,0,0,1,0,0.9998121602415403
2025-11-19.Team.I.@.Team.K__0110,0,0,1,2,0.999999922899366
2025-11-19.Team.I.@.Team.K__0111,0,0,1,0,0.996707879922622
2025-11-19.Team.I.@.Team.K__0112,0,1,0,1,0.6254301820670735
2025-11-19.Team.I.@.Team.K__0113,1,0,0,3,0.9999361780113579
2025-11-19.Team.I.@.Team.K__0114,1,0,0,0,0.9999997656192531
2025-11-19.Team.I.@.Team.K__0115,1,0,0,2,0.9999999890271418
2025-11-19.Team.I.@.Team.K__0116,0,1,0,2,0.8423444271282318
2025-11-19.Team.I.@.Team.K__0117,0,0,1,2,0.9999999999927773
2025-11-19.Team.I.@.Team.K__0118,1,0,0,1,0.9981767174420968
2025-11-19.Team.I.@.Team.K__0119,0,0,1,2,0.9930574346637953
2025-11-19.Team.I.@.Team.K__0120,0,0,1,0,0.996489961334104
2025-11-19.Team.I.@.Team.K__0121,0,1,0,5,0.9120778351854252
2025-11-19.Team.I.@.Team.K__0122,0,0,0,5,0.9697326583340471
2025-11-19.Team.I.@.Team.K__0123,0,1,0,2,0.9999984190210497
2025-11-19.Team.I.@.Team.K__0125,0,1,0,0,0.9443754595666415
2025-11-19.Team.I.@.Team.K__0126,0,1,0,2,0.9999999901451186
2025-11-19.Team.I.@.Team.K__0127,1,0,0,0,0.9999872114715996
2025-11-19.Team.I.@.Team.K__0128,0,1,0,1,0.9999293380147821
2025-11-19.Team.I.@.Team.K__0129,1,0,0,1,0.9999999999998472
2025-11-19.Team.I.@.Team.K__0130,0,1,0,0,0.9999060960651376
2025-11-19.Team.I.@.Team.K__0131,0,0,0,0,0.9998156914836848
2025-11-19.Team.I.@.Team.K__0132,1,0,0,0,0.9999788773897392
2025-11-19.Team.I.@.Team.K__0134,0,1,0,5,0.9999929235427776
2025-11-19.Team.I.@.Team.K__0135,0,1,0,5,0.9999890603139758
2025-11-19.Team.I.@.Team.K__0137,1,0,0,0,0.99979368128945
2025-11-19.Team.I.@.Team.K__0139,1,0,0,1,0.9999995479257477
2025-11-19.Team.I.@.Team.K__0140,1,0,0,1,0.9999996799662384
2025-11-19.Team.I.@.Team.K__0141,0,1,0,5,0.9999911286905879
2025-11-19.Team.I.@.Team.K__0142,0,1,0,0,0.9999954442559964
2025-11-19.Team.I.@.Team.K__0143,1,0,0,5,0.9999889805700806
2025-11-19.Team.I.@.Team.K__0144,1,0,0,5,0.806005815511657
2025-11-19.Team.I.@.Team.K__0145,1,0,0,1,0.9999595051683675
2025-11-19.Team.I.@.Team.K__0146,0,0,1,1,0.9999999897680814
2025-11-19.Team.I.@.Team.K__0147,0,1,0,5,0.9994387848963828
2025-11-19.Team.I.@.Team.K__0148,0,0,1,4,0.9986899913762772
2025-11-19.Team.I.@.Team.K__0149,0,0,1,2,0.9999989207919887
2025-11-19.Team.I.@.Team.K__0150,1,0,0,5,0.9999955873408726
2025-11-19.Team.I.@.Team.K__0151,0,0,1,0,0.9999954365804199
2025-11-19.Team.I.@.Team.K__0152,0,1,0,1,0.999999923068592
2025-11-19.Team.I.@.Team.K__0153,0,0,1,5,0.9993882730105065
2025-11-19.Team.I.@.Team.K__0154,0,0,1,0,0.9999804000056014
2025-11-19.Team.I.@.Team.K__0155,0,0,1,2,0.9999773620732211
2025-11-19.Team.I.@.Team.K__0156,0,0,1,4,1.0
2025-11-19.Team.I.@.Team.K__0158,0,0,1,5,0.999964883145815
2025-11-19.Team.I.@.Team.K__0162,0,1,0,4,0.999999999999968
2025-11-19.Team.I.@.Team.K__0163,0,1,0,0,0.9868906776141372
2025-11-19.Team.I.@.Team.K__0164,0,1,0,0,0.9999113104648454
2025-11-19.Team.I.@.Team.K__0167,0,0,1,5,0.9886724496949516
2025-11-19.Team.I.@.Team.K__0168,0,0,1,2,0.9999999984738748
2025-11-19.Team.I.@.Team.K__0169,0,1,0,5,0.9971733701335794
2025-11-19.Team.I.@.Team.K__0170,0,0,1,2,0.9999999991642223
2025-11-19.Team.I.@.Team.K__0171,0,0,1,1,0.9926307043591335
2025-11-19.Team.I.@.Team.K__0172,1,0,0,5,0.9999978029046521
2025-11-19.Team.I.@.Team.K__0173,1,0,0,4,0.9999999666039804
2025-11-19.Team.I.@.Team.K__0174,0,0,0,5,0.9999933831874348
2025-11-19.Team.I.@.Team.K__0175,0,1,0,5,0.9999850453603462
2025-11-19.Team.I.@.Team.K__0176,0,0,1,2,0.9999999999951151
2025-11-19.Team.I.@.Team.K__0177,0,1,0,0,0.9968464740836314
2025-11-19.Team.I.@.Team.K__0178,0,0,1,2,0.9999969693785928
2025-11-19.Team.I.@.Team.K__0179,0,1,0,3,0.9951196425594082
2025-11-19.Team.I.@.Team.K__0180,0,0,1,2,0.999508222615319
2025-11-19.Team.I.@.Team.K__0182,0,0,1,0,0.914742160051499
2025-11-19.Team.I.@.Team.K__0183,1,0,0,2,0.9997953480593659
2025-11-19.Team.I.@.Team.K__0184,0,0,1,4,1.0
2025-11-19.Team.I.@.Team.K__0185,0,0,1,2,0.9842279081466024
2025-11-19.Team.I.@.Team.K__0186,0,0,1,3,0.99997323083362
2025-11-19.Team.I.@.Team.K__0187,1,0,0,1,0.9999996187478576
2025-11-19.Team.I.@.Team.K__0188,0,1,0,0,0.9999999999038849
2025-11-19.Team.I.@.Team.K__0190,0,0,1,1,1.0
2025-11-19.Team.I.@.Team.K__0192,1,0,0,5,0.9303350412234994
2025-11-19.Team.I.@.Team.K__0193,0,0,1,2,0.9999999999998277
2025-11-19.Team.I.@.Team.K__0194,1,0,0,0,0.9999869019479561
2025-11-19.Team.I.@.Team.K__0195,1,0,0,1,0.9999907020820746
2025-11-19.Team.I.@.Team.K__0197,0,0,0,5,0.9980709574062822
2025-11-19.Team.I.@.Team.K__0198,0,1,0,0,0.9999999744715605
2025-11-19.Team.I.@.Team.K__0199,0,0,1,2,0.9937259768355228
2025-11-19.Team.I.@.Team.K__0200,0,1,0,0,0.9945400308565405
2025-11-19.Team.I.@.Team.K__0202,0,1,0,5,0.9997345238170414
2025-11-19.Team.I.@.Team.K__0203,0,1,0,2,0.999999986692899
2025-11-19.Team.I.@.Team.K__0204,0,0,1,3,0.9547973790526693
2025-11-19.Team.I.@.Team.K__0205,1,0,0,1,0.9999999987234485
2025-11-19.Team.I.@.Team.K__0206,1,0,0,2,0.9999989026222077
2025-11-19.Team.I.@.Team.K__0207,0,1,0,2,1.0
2025-11-19.Team.I.@.Team.K__0208,0,1,0,3,0.7850309763538696
2025-11-19.Team.I.@.Team.K__0209,0,1,0,0,0.998955613142905
2025-11-19.Team.I.@.Team.K__0210,0,0,1,2,0.9999405696223485
2025-11-19.Team.I.@.Team.K__0211,1,0,0,0,0.9858303115094993
2025-11-19.Team.I.@.Team.K__0213,0,1,0,5,0.9999992245750922
2025-11-19.Team.I.@.Team.K__0214,0,0,1,2,0.9999999953683045
2025-11-19.Team.I.@.Team.K__0215,0,1,0,5,0.9999283485544829
2025-11-19.Team.I.@.Team.K__0216,0,1,0,5,0.9999134489748971
2025-11-19.Team.I.@.Team.K__0217,0,0,1,3,0.999999999998705
2025-11-19.Team.I.@.Team.K__0218,0,0,1,5,0.9925885452850395
2025-11-19.Team.I.@.Team.K__0219,0,0,1,0,0.9930881496284706
2025-11-19.Team.I.@.Team.K__0220,0,0,1,0,0.99973174517019
2025-11-19.Team.I.@.Team.K__0221,0,0,1,0,0.9456341771760405
2025-11-19.Team.I.@.Team.K__0223,1,0,0,4,0.997656929468148
2025-11-19.Team.I.@.Team.K__0224,0,1,0,2,0.9999999968483628
2025-11-19.Team.I.@.Team.K__0225,0,1,0,4,0.9999999939164894
2025-11-19.Team.I.@.Team.K__0226,0,0,1,2,0.8319437719485515
2025-11-19.Team.I.@.Team.K__0227,0,0,1,0,0.9727703475911472
2025-11-19.Team.I.@.Team.K__0228,0,1,0,2,0.9937578860939339
2025-11-19.Team.I.@.Team.K__0230,0,0,1,1,1.0
2025-11-19.Team.I.@.Team.K__0231,0,0,1,2,0.9091255285313115
2025-11-19.Team.I.@.Team.K__0232,0,0,1,5,0.9999895563440505
2025-11-19.Team.I.@.Team.K__0233,0,1,0,2,0.9930626384340978
2025-11-19.Team.I.@.Team.K__0234,0,1,0,0,0.9999991295132694
2025-11-19.Team.I.@.Team.K__0235,1,0,0,2,0.9999999840869022
2025-11-19.Team.I.@.Team.K__0236,0,1,0,0,0.9995611475623233
2025-11-19.Team.I.@.Team.K__0237,0,1,0,2,0.999999999997474
2025-11-19.Team.I.@.Team.K__0238,0,1,0,0,0.9999860236052736
2025-11-19.Team.I.@.Team.K__0239,0,1,0,4,0.9999987790543028
2025-11-19.Team.I.@.Team.K__0240,1,0,0,2,0.9921016673955476
2025-11-19.Team.I.@.Team.K__0241,0,0,1,0,0.9999983422157919
2025-11-19.Team.I.@.Team.K__0242,1,0,0,2,0.9994997803047897
2025-11-19.Team.I.@.Team.K__0243,0,1,0,0,0.9962331978646695
2025-11-19.Team.I.@.Team.K__0244,0,0,1,3,1.0
2025-11-19.Team.I.@.Team.K__0245,1,0,0,0,0.9999958535861112
2025-11-19.Team.I.@.Team.K__0246,0,1,0,3,0.9992367478949513
2025-11-28.Team.J.@.Team.K__0000,0,0,0,2,0.9995101960630831
2025-11-28.Team.J.@.Team.K__0001,0,0,1,3,0.8256358589862605
2025-11-28.Team.J.@.Team.K__0002,0,0,1,0,0.9999530307886234
2025-11-28.Team.J.@.Team.K__0003,0,0,1,0,0.999799165609805
2025-11-28.Team.J.@.Team.K__0004,0,0,1,0,0.9994971993567364
2025-11-28.Team.J.@.Team.K__0008,1,0,0,1,0.9999999999999991
2025-11-28.Team.J.@.Team.K__0009,1,0,0,1,1.0
2025-11-28.Team.J.@.Team.K__0011,1,0,0,5,0.9998523443961487
2025-11-28.Team.J.@.Team.K__0012,1,0,0,0,0.9999947601576101
2025-11-28.Team.J.@.Team.K__0013,1,0,0,0,0.9766433231024043
2025-11-28.Team.J.@.Team.K__0014,1,0,0,2,0.9707043088610419
2025-11-28.Team.J.@.Team.K__0015,0,0,1,2,0.9999397405618339
2025-11-28.Team.J.@.Team.K__0016,0,1,0,5,0.9521655870736894
2025-11-28.Team.J.@.Team.K__0017,0,1,0,2,0.9787786873888177
2025-11-28.Team.J.@.Team.K__0018,0,1,0,0,0.9999999859565487
2025-11-28.Team.J.@.Team.K__0019,0,0,1,5,0.9764620693116253
2025-11-28.Team.J.@.Team.K__0020,0,1,0,1,0.9999999998495595
2025-11-28.Team.J.@.Team.K__0022,1,0,0,0,0.9999986824073506
2025-11-28.Team.J.@.Team.K__0023,0,0,1,2,0.9999420052587253
2025-11-28.Team.J.@.Team.K__0024,0,0,1,5,0.9992901353905885
2025-11-28.Team.J.@.Team.K__0025,1,0,0,1,0.9595775909017609
2025-11-28.Team.J.@.Team.K__0026,0,0,0,5,0.9999256240217287
2025-11-28.Team.J.@.Team.K__0027,0,0,1,4,0.9922590457885464
2025-11-28.Team.J.@.Team.K__0028,1,0,0,0,0.9999466983522739
2025-11-28.Team.J.@.Team.K__0029,0,1,0,1,0.9999999998904237
2025-11-28.Team.J.@.Team.K__0031,0,1,0,0,0.9834881177784912
2025-11-28.Team.J.@.Team.K__0032,1,0,0,0,0.999848062374073
2025-11-28.Team.J.@.Team.K__0033,0,0,1,0,0.9999999999999716
2025-11-28.Team.J.@.Team.K__0034,0,0,1,5,0.9827836093679329
2025-11-28.Team.J.@.Team.K__0035,0,1,0,1,0.9999999846230471
2025-11-28.Team.J.@.Team.K__0037,1,0,0,0,0.999999994316048
2025-11-28.Team.J.@.Team.K__0038,1,0,0,1,0.9999999998670427
2025-11-28.Team.J.@.Team.K__0039,1,0,0,4,0.9999999418963713
2025-11-28.Team.J.@.Team.K__0040,0,0,1,3,0.9999999990171169
2025-11-28.Team.J.@.Team.K__0041,1,0,0,1,0.9999999996256861
2025-11-28.Team.J.@.Team.K__0042,0,0,1,2,0.9460891144937406
2025-11-28.Team.J.@.Team.K__0043,1,0,0,2,0.9999997566804971
2025-11-28.Team.J.@.Team.K__0045,0,1,0,2,0.9999508597954468
2025-11-28.Team.J.@.Team.K__0048,0,0,1,0,0.9999905041510858
2025-11-28.Team.J.@.Team.K__0049,1,0,0,4,0.9999998506687384
2025-11-28.Team.J.@.Team.K__0050,0,0,1,4,0.5779915718239109
2025-11-28.Team.J.@.Team.K__0051,0,0,1,4,1.0
2025-11-28.Team.J.@.Team.K__0052,0,0,1,0,0.9905826974639994
2025-11-28.Team.J.@.Team.K__0053,0,0,1,4,0.999986351916055
2025-11-28.Team.J.@.Team.K__0054,0,0,1,5,0.9997996946336608
2025-11-28.Team.J.@.Team.K__0055,1,0,0,5,0.9999971491445011
2025-11-28.Team.J.@.Team.K__0056,1,0,0,0,0.9999979345472424
2025-11-28.Team.J.@.Team.K__0057,0,0,1,1,0.6466167574299055
2025-11-28.Team.J.@.Team.K__0058,1,0,0,1,0.7985359855068411
2025-11-28.Team.J.@.Team.K__0061,0,1,0,2,0.9999995689234439
2025-11-28.Team.J.@.Team.K__0064,0,1,0,2,1.0
2025-11-28.Team.J.@.Team.K__0065,0,0,1,3,0.9998860659117661
2025-11-28.Team.J.@.Team.K__0066,0,0,1,0,0.9999938053501327
2025-11-28.Team.J.@.Team.K__0067,1,0,0,5,0.9999798664715785
2025-11-28.Team.J.@.Team.K__0068,0,0,1,5,0.9981951935415331
2025-11-28.Team.J.@.Team.K__0069,1,0,0,0,0.997099847127804
2025-11-28.Team.J.@.Team.K__0071,0,1,0,2,0.9997947067462222
2025-11-28.Team.J.@.Team.K__0073,1,0,0,1,0.9999999998496127
2025-11-28.Team.J.@.Team.K__0074,1,0,0,0,0.9999953968828568
2025-11-28.Team.J.@.Team.K__0075,0,0,1,5,0.9185042030269682
2025-11-28.Team.J.@.Team.K__0076,1,0,0,5,0.9999969577893844
2025-11-28.Team.J.@.Team.K__0077,1,0,0,1,0.9976865027058146
2025-11-28.Team.J.@.Team.K__0078,0,0,1,0,0.9985658564408465
2025-11-28.Team.J.@.Team.K__0079,0,1,0,0,0.5638324065937749
2025-11-28.Team.J.@.Team.K__0080,0,0,1,0,0.9994551267994324
2025-11-28.Team.J.@.Team.K__0081,0,0,1,0,0.9879124533918913
2025-11-28.Team.J.@.Team.K__0082,0,0,1,5,0.9932773635121851
2025-11-28.Team.J.@.Team.K__0083,0,0,1,5,0.999579579916672
2025-11-28.Team.J.@.Team.K__0084,1,0,0,3,1.0
2025-11-28.Team.J.@.Team.K__0085,0,0,1,5,0.9998450612983247
2025-11-28.Team.J.@.Team.K__0086,0,1,0,2,0.9999794011193599
2025-11-28.Team.J.@.Team.K__0087,0,0,0,2,0.9999687159825971
2025-11-28.Team.J.@.Team.K__0089,0,0,1,2,0.9909102838096469
2025-11-28.Team.J.@.Team.K__0090,0,0,1,0,0.9999886893514129
2025-11-28.Team.J.@.Team.K__0091,0,0,1,0,0.9999463678384047
2025-11-28.Team.J.@.Team.K__0092,0,0,1,0,0.9997647898737735
2025-11-28.Team.J.@.Team.K__0093,0,0,1,2,0.9999999990326249
2025-11-28.Team.J.@.Team.K__0094,1,0,0,2,0.9999999996323647
2025-11-28.Team.J.@.Team.K__0095,0,0,1,1,0.9999999998117275
2025-11-28.Team.J.@.Team.K__0096,0,0,1,3,0.9986792202001394
2025-11-28.Team.J.@.Team.K__0097,0,0,1,0,0.9974014940921704
2025-11-28.Team.J.@.Team.K__0098,1,0,0,1,0.999749445524626
2025-11-28.Team.J.@.Team.K__0099,0,0,0,5,0.9969266812025208
2025-11-28.Team.J.@.Team.K__0100,0,0,1,2,0.9999964535786428
2025-11-28.Team.J.@.Team.K__0102,0,1,0,2,0.9999899364313966
2025-11-28.Team.J.@.Team.K__0103,0,1,0,1,0.9999975503793185
2025-11-28.Team.J.@.Team.K__0104,0,0,1,2,0.9999698738430135
2025-11-28.Team.J.@.Team.K__0105,0,0,1,0,0.9999916889147256
2025-11-28.Team.J.@.Team.K__0107,0,0,1,5,0.9999343710260166
2025-11-28.Team.J.@.Team.K__0108,0,0,1,3,0.9999999999998188
2025-11-28.Team.J.@.Team.K__0109,1,0,0,0,0.9667127165901557
2025-11-28.Team.J.@.Team.K__0110,0,1,0,1,0.9957777754996414
2025-11-28.Team.J.@.Team.K__0112,1,0,0,0,0.9997757178485318
2025-11-28.Team.J.@.Team.K__0113,0,1,0,1,1.0
2025-11-28.Team.J.@.Team.K__0114,0,1,0,2,0.9999999994571981
2025-11-28.Team.J.@.Team.K__0115,0,1,0,2,0.9999999999997229
2025-11-28.Team.J.@.Team.K__0116,0,1,0,1,0.9999997305284477
2025-11-28.Team.J.@.Team.K__0117,0,0,1,0,0.9894032319346519
2025-11-28.Team.J.@.Team.K__0118,0,1,0,3,1.0
2025-11-28.Team.J.@.Team.K__0119,1,0,0,3,0.9967102136931841
2025-11-28.Team.J.@.Team.K__0120,0,0,1,2,0.9999987304002954
2025-11-28.Team.J.@.Team.K__0121,0,0,1,5,0.9996961572407995
2025-11-28.Team.J.@.Team.K__0122,0,0,1,2,0.9999157623864883
2025-11-28.Team.J.@.Team.K__0123,1,0,0,5,0.9992736436873133
2025-11-28.Team.J.@.Team.K__0124,0,1,0,4,0.999999999595504
2025-11-28.Team.J.@.Team.K__0125,1,0,0,5,0.9999790137633734
2025-11-28.Team.J.@.Team.K__0126,0,0,1,3,0.9988913353023411
2025-11-28.Team.J.@.Team.K__0128,0,0,1,2,0.9999944032714883
2025-11-28.Team.J.@.Team.K__0129,0,0,1,0,0.9994631566738015
2025-11-28.Team.J.@.Team.K__0130,0,0,1,3,0.9923382779300202
2025-11-28.Team.J.@.Team.K__0131,0,0,1,5,0.9961439756426551
2025-11-28.Team.J.@.Team.K__0132,0,0,1,2,0.9893174760432423
2025-11-28.Team.J.@.Team.K__0133,0,0,0,5,0.9997285641620031
2025-11-28.Team.J.@.Team.K__0134,0,0,1,0,0.9999992513303062
2025-11-28.Team.J.@.Team.K__0135,1,0,0,5,0.9730911649471632
2025-11-28.Team.J.@.Team.K__0136,0,0,1,0,0.8967272805935136
2025-11-28.Team.J.@.Team.K__0137,0,1,0,2,0.9890246762987325
2025-11-28.Team.J.@.Team.K__0138,1,0,0,2,0.9628063194773125
2025-11-28.Team.J.@.Team.K__0139,0,1,0,3,1.0
2025-11-28.Team.J.@.Team.K__0140,0,1,0,2,0.9999997819076096
2025-11-28.Team.J.@.Team.K__0141,0,0,1,0,0.9999434549327856
2025-11-28.Team.J.@.Team.K__0142,0,1,0,1,0.9999819373489202
2025-11-28.Team.J.@.Team.K__0144,1,0,0,2,0.9999999741528577
2025-11-28.Team.J.@.Team.K__0145,0,0,1,2,0.9996047550441893
2025-11-28.Team.J.@.Team.K__0146,0,1,0,2,0.9998107186694245
2025-11-28.Team.J.@.Team.K__0148,0,0,1,2,1.0
2025-11-28.Team.J.@.Team.K__0149,0,0,1,0,0.9999911659115908
2025-11-28.Team.J.@.Team.K__0150,0,1,0,0,0.997100051213774
2025-11-28.Team.J.@.Team.K__0152,0,1,0,1,0.9999999982807894
2025-11-28.Team.J.@.Team.K__0154,0,1,0,2,0.9998594386651791
2025-11-28.Team.J.@.Team.K__0155,1,0,0,5,0.9999886671899109
2025-11-28.Team.J.@.Team.K__0156,0,0,1,5,0.9945724521678179
2025-11-28.Team.J.@.Team.K__0157,0,0,1,5,0.9993911076760736
2025-11-28.Team.J.@.Team.K__0158,0,0,1,1,0.530781873008064
2025-11-28.Team.J.@.Team.K__0159,1,0,0,1,0.9981772634918192
2025-11-28.Team.J.@.Team.K__0160,0,0,0,5,0.9905846980574817
2025-11-28.Team.J.@.Team.K__0238,0,0,1,3,0.9945146248080401
2025-11-28.Team.J.@.Team.K__0241,0,1,0,0,0.9999999998986224
2025-11-28.Team.J.@.Team.K__0242,0,1,0,5,0.9999994621083407
2025-11-28.Team.J.@.Team.K__0243,0,1,0,0,0.9355667380434517
2025-11-28.Team.J.@.Team.K__0246,0,1,0,2,0.9975551122692321
2025-11-28.Team.J.@.Team.K__0247,0,0,1,0,0.9966119752350016
2025-11-28.Team.J.@.Team.K__0248,0,1,0,0,0.999999838092696
2025-11-28.Team.J.@.Team.K__0250,1,0,0,2,0.9999999999999245
2025-11-28.Team.J.@.Team.K__0251,0,0,0,2,0.999999994944649
