attacking_team,player_id,n_frames,possessions,sca_total,sca_mean,sca_std,cut_rate,drag_rate,screen_rate,decoy_rate,shot_in_5s_rate,sca_per_100_frames,archetype_id
Team A,Team A#14,724,126,2.8307390353090227,0.003909860546006938,0.028266366621810396,0.11049723756906077,0.2638121546961326,0.10220994475138122,0.11464088397790055,0.3328729281767956,0.39098605460069374,1
Team A,Team A#15,552,87,-2.1786836038763715,-0.003946890586732557,0.0374612745262622,0.10326086956521739,0.3170289855072464,0.03985507246376811,0.1503623188405797,0.2916666666666667,-0.3946890586732557,1
Team A,Team A#17,987,145,-2.6900015662782817,-0.00272543218467911,0.03330324949177094,0.06382978723404255,0.1641337386018237,0.10840932117527863,0.06484295845997974,0.3080040526849038,-0.272543218467911,1
Team A,Team A#20,1057,176,2.081953775481498,0.001969681906794227,0.033022551789840635,0.10406811731315042,0.28382213812677387,0.07379375591296121,0.14380321665089876,0.31031220435193946,0.1969681906794227,1
Team A,Team A#21,921,132,1.2440875671690304,0.0013508008329739744,0.040988628365030914,0.08903365906623235,0.32247557003257327,0.04560260586319218,0.0727470141150923,0.34419109663409336,0.13508008329739743,1
Team A,Team A#29,1198,207,3.3845584969016795,0.002825174037480534,0.03438379445859849,0.08180300500834725,0.3113522537562604,0.12437395659432388,0.12520868113522537,0.32637729549248745,0.2825174037480534,1
Team A,Team A#3,665,137,-0.11947899144316554,-0.00017966765630551208,0.005531103819504022,0.039097744360902256,0.022556390977443608,0.0,0.11127819548872181,0.3383458646616541,-0.01796676563055121,0
Team A,Team A#39,739,137,-2.69461609231117,-0.0036463005308676184,0.03533065712364102,0.08254397834912043,0.32070365358592695,0.06359945872801083,0.15020297699594046,0.33152909336941816,-0.36463005308676183,1
Team A,Team A#45,1015,186,1.3037844766483981,0.0012845167257619686,0.016311143646108424,0.07881773399014778,0.1477832512315271,0.0,0.17536945812807883,0.28472906403940884,0.12845167257619688,1
Team A,Team A#46,1121,166,1.7075912233841934,0.0015232749539555695,0.0313522665914464,0.09545049063336307,0.24620874219446923,0.05084745762711865,0.09099018733273863,0.4049955396966994,0.15232749539555693,1
Team A,Team A#48,1312,240,0.9377085620017569,0.0007147168917696318,0.011173250555528447,0.054115853658536585,0.10289634146341463,0.0,0.13719512195121952,0.27896341463414637,0.07147168917696317,1
Team A,Team A#5,133,35,-0.3710589862307425,-0.002789917189704831,0.01822879525515371,0.11278195488721804,0.03007518796992481,0.17293233082706766,0.09022556390977443,0.18796992481203006,-0.2789917189704831,1
Team A,Team A#52,731,113,2.426543919891956,0.0033194855265279836,0.033020048342494605,0.12722298221614228,0.32968536251709984,0.025991792065663474,0.19699042407660738,0.26265389876880985,0.3319485526527984,1
Team A,Team A#53,122,40,-0.7890516670603281,-0.006467636615248591,0.018928044680341337,0.10655737704918032,0.1885245901639344,0.0,0.12295081967213115,0.2786885245901639,-0.6467636615248591,1
Team A,Team A#56,240,55,0.1705081394033493,0.0007104505808472887,0.012395972739760964,0.08333333333333333,0.10416666666666667,0.0,0.125,0.225,0.07104505808472887,1
Team A,Team A#59,435,111,0.2220556167852515,0.0005104726822649459,0.010396095936405355,0.027586206896551724,0.020689655172413793,0.0022988505747126436,0.08735632183908046,0.33793103448275863,0.0510472682264946,0
Team A,Team A#6,348,60,-0.05515111584577176,-0.00015848021794762,0.012899799254927784,0.03735632183908046,0.07758620689655173,0.0028735632183908046,0.07758620689655173,0.5402298850574713,-0.015848021794762,3
Team A,Team A#61,607,96,0.42303430723604135,0.0006969263710643185,0.03308629633722191,0.11202635914332784,0.3245469522240527,0.044481054365733116,0.18451400329489293,0.30971993410214166,0.06969263710643185,1
Team A,Team A#63,246,48,1.0503673078531919,0.004269785804281268,0.03350963098483362,0.15447154471544716,0.34959349593495936,0.016260162601626018,0.23170731707317074,0.36585365853658536,0.4269785804281268,1
Team A,Team A#71,504,106,0.18845641510042405,0.0003739214585325874,0.03601238080511453,0.047619047619047616,0.18452380952380953,0.07936507936507936,0.07738095238095238,0.24206349206349206,0.03739214585325874,1
Team A,Team A#72,1046,206,-1.011897359539942,-0.0009673970932504226,0.009546037438709078,0.045889101338432124,0.07361376673040153,0.0028680688336520078,0.14722753346080306,0.2332695984703633,-0.09673970932504228,1
Team A,Team A#73,567,124,2.308128873109023,0.004070774026647307,0.035299745471456825,0.10229276895943562,0.18871252204585537,0.042328042328042326,0.1111111111111111,0.3509700176366843,0.40707740266473064,1
Team A,Team A#85,2,1,-0.01042966859584571,-0.005214834297922855,0.007374889389650878,0.0,0.0,1.0,0.0,1.0,-0.5214834297922855,2
Team A,Team A#88,579,103,-1.2151896636133528,-0.00209877316686244,0.03248936414178496,0.10535405872193437,0.27979274611398963,0.10362694300518134,0.10880829015544041,0.24006908462867013,-0.209877316686244,1
Team A,Team A#89,482,82,-2.647435968754754,-0.005492605744304469,0.03886290487155436,0.0975103734439834,0.27593360995850624,0.18672199170124482,0.12240663900414937,0.3941908713692946,-0.549260574430447,1
Team A,Team A#9,598,94,2.371142383000284,0.003965121041806494,0.03484385382493398,0.1454849498327759,0.3277591973244147,0.02508361204013378,0.16722408026755853,0.34782608695652173,0.39651210418064947,1
Team A,Team A#90,224,47,0.6606576945499469,0.002949364707812263,0.017705922793096796,0.05357142857142857,0.13392857142857142,0.008928571428571428,0.22321428571428573,0.3794642857142857,0.2949364707812263,1
Team A,Team A#92,1228,224,3.8060587425940233,0.0030993963701905726,0.03428495855775106,0.09771986970684039,0.2760586319218241,0.02768729641693811,0.14006514657980457,0.3355048859934853,0.3099396370190573,1
Team A,Team A@id1020,15,4,0.0,0.0,0.0,0.0,0.0,0.0,0.0,0.0,0.0,0
Team A,Team A@id10462,1,1,0.0,0.0,,0.0,0.0,1.0,0.0,0.0,0.0,2
Team A,Team A@id10495,1,1,0.0,0.0,,0.0,0.0,0.0,0.0,0.0,0.0,0
Team A,Team A@id10669,1,1,0.0,0.0,,0.0,0.0,0.0,0.0,0.0,0.0,0
Team A,Team A@id10820,3,1,-6.301879764225582e-05,-2.100626588075194e-05,3.6383919782762955e-05,0.0,0.0,0.0,0.0,0.0,-0.002100626588075194,0
Team A,Team A@id10946,1,1,0.0,0.0,,0.0,0.0,0.0,0.0,0.0,0.0,0
Team A,Team A@id11027,3,3,0.0,0.0,0.0,0.0,0.0,0.0,0.0,0.0,0.0,0
Team A,Team A@id11353,2,2,0.0,0.0,0.0,0.0,0.0,0.0,0.0,0.0,0.0,0
Team A,Team A@id11394,1,1,0.0,0.0,,0.0,0.0,0.0,0.0,0.0,0.0,0
Team A,Team A@id11463,1,1,0.0,0.0,,0.0,0.0,0.0,0.0,0.0,0.0,0
Team A,Team A@id11467,5,3,-0.09259696922852345,-0.01851939384570469,0.025358724401537018,0.0,0.0,0.0,0.0,0.4,-1.851939384570469,0
Team A,Team A@id11472,1,1,0.0,0.0,,0.0,0.0,0.0,0.0,0.0,0.0,0
Team A,Team A@id11604,1,1,0.0,0.0,,0.0,0.0,0.0,0.0,1.0,0.0,3
Team A,Team A@id11640,1,1,0.0,0.0,,0.0,0.0,0.0,0.0,1.0,0.0,3
Team A,Team A@id11723,10,3,0.0036825932322016586,0.00036825932322016587,0.0020618668129352793,0.0,0.2,0.0,0.0,0.0,0.036825932322016586,0
Team A,Team A@id11786,1,1,0.0,0.0,,0.0,0.0,1.0,0.0,0.0,0.0,2
Team A,Team A@id11986,2,2,0.0,0.0,0.0,0.0,0.0,0.0,0.0,0.0,0.0,0
Team A,Team A@id12166,9,5,0.0023823862079180858,0.0002647095786575651,0.00039768739962606084,0.0,0.0,0.0,0.0,0.1111111111111111,0.026470957865756508,0
Team A,Team A@id12172,1,1,0.0,0.0,,0.0,0.0,1.0,0.0,0.0,0.0,2
Team A,Team A@id146,2,2,0.0,0.0,0.0,0.0,0.0,0.0,0.0,0.0,0.0,0
Team A,Team A@id14618,1,1,0.0,0.0,,0.0,0.0,0.0,0.0,0.0,0.0,0
Team A,Team A@id1516,4,4,0.0,0.0,0.0,0.0,0.0,0.0,0.0,0.0,0.0,0
Team A,Team A@id1855,14,5,0.0,0.0,0.0,0.0,0.0,0.0,0.0,0.0,0.0,0
Team A,Team A@id2288,1,1,0.0,0.0,,0.0,0.0,1.0,0.0,0.0,0.0,2
Team A,Team A@id247,1,1,0.0,0.0,,0.0,0.0,0.0,0.0,0.0,0.0,0
Team A,Team A@id2744,1,1,0.0,0.0,,0.0,0.0,0.0,0.0,0.0,0.0,0
Team A,Team A@id2825,1,1,0.0,0.0,,0.0,0.0,0.0,0.0,0.0,0.0,0
Team A,Team A@id2986,2,2,0.0,0.0,0.0,0.0,0.0,1.0,0.0,1.0,0.0,2
Team A,Team A@id2988,2,2,0.0,0.0,0.0,0.0,0.0,1.0,0.0,1.0,0.0,2
Team A,Team A@id3095,3,3,0.0,0.0,0.0,0.0,0.0,0.0,0.0,0.0,0.0,0
Team A,Team A@id3147,1,1,0.0,0.0,,0.0,0.0,0.0,0.0,1.0,0.0,3
Team A,Team A@id3394,13,6,0.0,0.0,0.0,0.0,0.23076923076923078,0.0,0.0,1.0,0.0,3
Team A,Team A@id3693,1,1,0.0,0.0,,0.0,0.0,0.0,0.0,1.0,0.0,3
Team A,Team A@id3759,1,1,0.0,0.0,,0.0,0.0,0.0,0.0,0.0,0.0,0
Team A,Team A@id3831,4,2,0.0,0.0,0.0,0.0,0.0,0.0,0.0,0.5,0.0,0
Team A,Team A@id4328,5,5,0.0,0.0,0.0,0.0,0.0,0.0,0.0,0.0,0.0,0
Team A,Team A@id4342,1,1,0.0,0.0,,0.0,0.0,0.0,0.0,0.0,0.0,0
Team A,Team A@id4733,1,1,0.0,0.0,,0.0,0.0,0.0,0.0,0.0,0.0,0
Team A,Team A@id5018,2,2,0.0,0.0,0.0,0.0,0.0,0.0,0.0,0.0,0.0,0
Team A,Team A@id5531,2,1,0.03674319806085441,0.018371599030427205,0.025981364511310556,0.0,0.5,0.0,0.5,0.0,1.8371599030427204,1
Team A,Team A@id566,4,2,-0.0011840638958400262,-0.00029601597396000656,0.0005920319479200131,0.0,0.0,0.0,0.25,1.0,-0.029601597396000656,3
Team A,Team A@id6045,3,1,0.0,0.0,0.0,0.0,0.0,0.0,0.0,0.0,0.0,0
Team A,Team A@id6058,1,1,0.0,0.0,,0.0,0.0,0.0,0.0,0.0,0.0,0
Team A,Team A@id618,7,5,0.0,0.0,0.0,0.0,0.0,0.0,0.0,0.0,0.0,0
Team A,Team A@id6192,1,1,0.0,0.0,,0.0,0.0,0.0,0.0,1.0,0.0,3
Team A,Team A@id6705,4,4,0.0,0.0,0.0,0.0,0.0,0.0,0.0,0.0,0.0,0
Team A,Team A@id679,1,1,0.0,0.0,,0.0,0.0,0.0,0.0,0.0,0.0,0
Team A,Team A@id7091,2,2,0.0,0.0,0.0,0.0,0.0,1.0,0.0,0.0,0.0,2
Team A,Team A@id712,1,1,0.0,0.0,,0.0,0.0,0.0,0.0,0.0,0.0,0
Team A,Team A@id7257,4,2,0.013530477779701178,0.0033826194449252944,0.004036186777512826,0.0,0.0,0.0,0.0,0.0,0.33826194449252944,0
Team A,Team A@id811,1,1,0.0,0.0,,0.0,0.0,0.0,0.0,0.0,0.0,0
Team A,Team A@id8424,1,1,0.0,0.0,,0.0,0.0,0.0,0.0,0.0,0.0,0
Team A,Team A@id9075,1,1,0.0,0.0,,0.0,0.0,1.0,0.0,1.0,0.0,2
Team A,Team A@id9100,3,3,0.0,0.0,0.0,0.0,0.0,0.0,0.0,0.0,0.0,0
Team A,Team A@id9226,2,2,0.0,0.0,0.0,0.0,0.0,0.0,0.0,1.0,0.0,3
Team B,Team B#12,162,37,0.43656424847902814,0.002694841039994001,0.018442301734489786,0.04938271604938271,0.09876543209876543,0.0,0.18518518518518517,0.14814814814814814,0.2694841039994001,1
Team B,Team B#14,135,28,-0.08008297035217349,-0.0005932071877938777,0.03142338928425505,0.11851851851851852,0.22962962962962963,0.0,0.17037037037037037,0.14074074074074075,-0.05932071877938778,1
Team B,Team B#17,378,68,0.19038039878318266,0.0005036518486327584,0.03299761529283205,0.06878306878306878,0.291005291005291,0.08465608465608465,0.11375661375661375,0.1349206349206349,0.05036518486327583,1
Team B,Team B#19,185,48,0.19851911682985118,0.0010730763071883848,0.009133261100433221,0.04864864864864865,0.043243243243243246,0.0,0.14054054054054055,0.03783783783783784,0.10730763071883848,1
Team B,Team B#21,163,30,-1.303967834266289,-0.007999802664210362,0.03638090848864034,0.06134969325153374,0.19631901840490798,0.07975460122699386,0.08588957055214724,0.22085889570552147,-0.7999802664210361,1
Team B,Team B#26,311,60,0.3700718973570654,0.001189941792144905,0.03816446716669837,0.10610932475884244,0.22186495176848875,0.01607717041800643,0.11254019292604502,0.2057877813504823,0.11899417921449049,1
Team B,Team B#27,119,28,0.14519621819489556,0.0012201362873520635,0.006499552337205977,0.07563025210084033,0.01680672268907563,0.0,0.17647058823529413,0.2184873949579832,0.12201362873520635,1
Team B,Team B#29,1,1,0.0,0.0,,0.0,0.0,0.0,0.0,1.0,0.0,3
Team B,Team B#34,121,36,0.23242903907187903,0.0019209011493543722,0.02357422782690586,0.1322314049586777,0.256198347107438,0.0,0.2066115702479339,0.24793388429752067,0.1920901149354372,1
Team B,Team B#37,186,28,0.14762603389868142,0.0007936883542939862,0.03597819783285647,0.10215053763440861,0.34408602150537637,0.08602150537634409,0.14516129032258066,0.20967741935483872,0.07936883542939861,1
Team B,Team B#45,170,43,-0.13471703812513125,-0.0007924531654419485,0.011877986848633988,0.052941176470588235,0.058823529411764705,0.0,0.19411764705882353,0.3176470588235294,-0.07924531654419485,1
Team B,Team B#47,97,25,-0.5909959170681106,-0.006092741413073305,0.03616624803454599,0.061855670103092786,0.15463917525773196,0.020618556701030927,0.12371134020618557,0.31958762886597936,-0.6092741413073305,1
Team B,Team B#55,114,39,-0.10128448404638885,-0.000888460386371832,0.006874985561723673,0.017543859649122806,0.043859649122807015,0.0,0.2719298245614035,0.12280701754385964,-0.0888460386371832,1
Team B,Team B#58,115,32,0.017028364005958085,0.00014807273048659205,0.001986825480965127,0.02608695652173913,0.017391304347826087,0.0,0.08695652173913043,0.09565217391304348,0.014807273048659204,0
Team B,Team B#71,126,28,-0.21312123379374304,-0.001691438363442405,0.03120948286817906,0.03968253968253968,0.31746031746031744,0.0,0.12698412698412698,0.16666666666666666,-0.1691438363442405,1
Team B,Team B#78,361,68,1.002981712362634,0.0027783426935253015,0.03263724514169445,0.14958448753462603,0.3490304709141274,0.07756232686980609,0.14127423822714683,0.16620498614958448,0.27783426935253014,1
Team B,Team B#8,173,32,0.562257375886642,0.003250042635182902,0.03641049263365439,0.11560693641618497,0.32947976878612717,0.011560693641618497,0.12138728323699421,0.2832369942196532,0.3250042635182902,1
Team B,Team B#81,122,25,-0.7321870047186114,-0.006001532825562389,0.03680827459459863,0.09836065573770492,0.2459016393442623,0.0,0.09016393442622951,0.21311475409836064,-0.6001532825562389,1
Team B,Team B#86,85,21,-0.3960470678465695,-0.00465937726878317,0.04302029841619686,0.09411764705882353,0.32941176470588235,0.047058823529411764,0.08235294117647059,0.17647058823529413,-0.46593772687831714,1
Team B,Team B@id10197,2,2,0.0,0.0,0.0,0.0,0.0,0.0,0.0,0.0,0.0,0
Team B,Team B@id1235,1,1,0.0,0.0,,0.0,0.0,1.0,0.0,1.0,0.0,2
Team B,Team B@id1238,1,1,0.0,0.0,,0.0,0.0,1.0,0.0,1.0,0.0,2
Team B,Team B@id1743,2,2,0.0,0.0,0.0,0.0,0.0,0.0,0.0,0.0,0.0,0
Team B,Team B@id4227,2,2,0.0,0.0,0.0,0.0,0.0,0.0,0.0,0.0,0.0,0
Team B,Team B@id4288,1,1,0.0,0.0,,0.0,0.0,0.0,0.0,0.0,0.0,0
Team B,Team B@id4423,4,4,0.0,0.0,0.0,0.0,0.0,0.0,0.0,0.0,0.0,0
Team B,Team B@id4533,1,1,0.0,0.0,,0.0,0.0,0.0,0.0,1.0,0.0,3
Team B,Team B@id6476,3,3,0.0,0.0,0.0,0.0,0.0,0.6666666666666666,0.0,1.0,0.0,2
Team B,Team B@id932,1,1,0.0,0.0,,0.0,0.0,0.0,0.0,0.0,0.0,0
Team B,Team B@id9745,1,1,0.0,0.0,,0.0,0.0,0.0,0.0,0.0,0.0,0
Team C,Team C#11,288,52,-0.8479915415775139,-0.0029444150749219234,0.02069931039219603,0.14930555555555555,0.2222222222222222,0.0,0.22569444444444445,0.24305555555555555,-0.29444150749219233,1
Team C,Team C#15,291,58,0.093571370931742,0.00032155110285821993,0.03651983517423238,0.048109965635738834,0.41580756013745707,0.05154639175257732,0.13402061855670103,0.41580756013745707,0.032155110285822,1
Team C,Team C#17,136,42,-0.3061297579682922,-0.002250954102708031,0.03182080214068166,0.07352941176470588,0.2426470588235294,0.11029411764705882,0.16176470588235295,0.40441176470588236,-0.2250954102708031,1
Team C,Team C#18,275,57,1.4989019145995375,0.005450552416725591,0.03357710768259565,0.04,0.23636363636363636,0.01818181818181818,0.06545454545454546,0.2909090909090909,0.545055241672559,1
Team C,Team C#19,223,46,-0.1126323222308099,-0.0005050776781650668,0.024933329974151038,0.08071748878923767,0.2645739910313901,0.017937219730941704,0.15246636771300448,0.36771300448430494,-0.050507767816506684,1
Team C,Team C#2,191,58,0.04598497894891848,0.00024075905208857844,0.0034241204315641326,0.031413612565445025,0.03664921465968586,0.0,0.1256544502617801,0.225130890052356,0.024075905208857842,0
Team C,Team C#20,9,6,0.0004020999461599173,4.467777179554636e-05,0.0001340333153866391,0.0,0.2222222222222222,0.0,0.2222222222222222,0.0,0.004467777179554637,1
Team C,Team C#21,160,26,0.21003923257253204,0.0013127452035783253,0.014367768998331568,0.04375,0.00625,0.0,0.08125,0.43125,0.13127452035783255,0
Team C,Team C#22,177,36,0.06987254200683138,0.0003947601243323807,0.040010023342467047,0.05084745762711865,0.2542372881355932,0.03389830508474576,0.096045197740113,0.3333333333333333,0.03947601243323807,1
Team C,Team C#26,231,44,-0.031096397950064997,-0.0001346164413422727,0.008401375901758339,0.017316017316017316,0.09956709956709957,0.0,0.14285714285714285,0.2987012987012987,-0.013461644134227272,1
Team C,Team C#29,312,50,1.3403075357831349,0.004295857486484407,0.02897362747832079,0.09615384615384616,0.28205128205128205,0.0,0.09294871794871795,0.32371794871794873,0.4295857486484407,1
Team C,Team C#36,195,41,1.000295361340038,0.005129719801743785,0.02881591983061126,0.1282051282051282,0.49230769230769234,0.0,0.18974358974358974,0.4,0.5129719801743785,1
Team C,Team C#37,118,42,1.0747128286751884,0.00910773583623041,0.03235757082084866,0.07627118644067797,0.00847457627118644,0.0,0.1694915254237288,0.5169491525423728,0.910773583623041,1
Team C,Team C#41,161,46,-0.13428872874229747,-0.0008340914828714129,0.016962532825446096,0.024844720496894408,0.043478260869565216,0.0,0.09316770186335403,0.2857142857142857,-0.08340914828714129,0
Team C,Team C#44,131,28,-0.9258065755203781,-0.007067225767331131,0.04486940131287077,0.16030534351145037,0.32061068702290074,0.11450381679389313,0.12213740458015267,0.3435114503816794,-0.7067225767331131,1
Team C,Team C#45,250,44,-1.9491176368256837,-0.007796470547302735,0.037314029404509765,0.116,0.352,0.108,0.172,0.3,-0.7796470547302734,1
Team C,Team C#48,287,53,-0.18484704827297083,-0.0006440663702890969,0.018727374180513227,0.017421602787456445,0.09059233449477352,0.013937282229965157,0.09059233449477352,0.37282229965156793,-0.0644066370289097,0
Team C,Team C#6,420,64,-1.285805079646983,-0.00306144066582615,0.039072336295447485,0.0761904761904762,0.38571428571428573,0.07142857142857142,0.12380952380952381,0.4023809523809524,-0.306144066582615,1
Team C,Team C@id11274,2,1,-0.00012415498262763336,-6.207749131381668e-05,8.779083013409756e-05,0.0,0.0,0.0,0.0,0.0,-0.006207749131381668,0
Team C,Team C@id12161,2,2,0.0,0.0,0.0,0.0,0.0,0.0,0.0,1.0,0.0,3
Team C,Team C@id5637,3,3,0.0,0.0,0.0,0.0,0.0,0.0,0.0,0.0,0.0,0
Team C,Team C@id5858,1,1,0.0,0.0,,0.0,0.0,0.0,0.0,1.0,0.0,3
Team C,Team C@id661,8,8,0.0,0.0,0.0,0.0,0.0,0.0,0.0,0.0,0.0,0
Team C,Team C@id6671,2,2,0.0,0.0,0.0,0.0,0.0,0.0,0.0,0.0,0.0,0
Team C,Team C@id9716,1,1,0.0,0.0,,0.0,0.0,0.0,0.0,1.0,0.0,3
Team D,Team D#12,1186,193,-0.47294191975849015,-0.0003987705900155903,0.03572722434593793,0.10539629005059022,0.3069139966273187,0.07251264755480608,0.14080944350758853,0.29595278246205736,-0.03987705900155904,1
Team D,Team D#25,763,128,0.7120382217673683,0.0009332086785941917,0.04110083582856203,0.07208387942332896,0.30275229357798167,0.09698558322411534,0.11402359108781127,0.36828309305373524,0.09332086785941918,1
Team D,Team D#28,1032,162,-0.5617323832018226,-0.0005443143248079677,0.03188447181922765,0.07170542635658915,0.33430232558139533,0.018410852713178296,0.12403100775193798,0.25290697674418605,-0.054431432480796765,1
Team D,Team D#32,4,2,-0.006992163117575223,-0.0017480407793938058,0.0034960815587876115,0.5,0.25,0.0,0.0,0.0,-0.17480407793938058,1
Team D,Team D#36,1029,179,2.4589287676365625,0.0023896295117945216,0.034268782953777686,0.1282798833819242,0.25267249757045673,0.03984450923226433,0.13411078717201166,0.3391642371234208,0.23896295117945215,1
Team D,Team D#37,787,124,-0.7270819976946142,-0.0009238653083794336,0.03365738149846482,0.0940279542566709,0.19567979669631513,0.06607369758576874,0.12325285895806862,0.3748411689961881,-0.09238653083794336,1
Team D,Team D#42,985,153,-0.03927678900123263,-3.987491269160673e-05,0.03651710738680361,0.12893401015228426,0.21928934010152284,0.09137055837563451,0.10761421319796954,0.35634517766497464,-0.003987491269160673,1
Team D,Team D#44,680,97,-0.3414941336923981,-0.0005021972554299973,0.004820658729160245,0.060294117647058824,0.061764705882352944,0.0,0.12058823529411765,0.3191176470588235,-0.05021972554299972,1
Team D,Team D#46,717,116,-0.7152201377571955,-0.0009975176258817232,0.03752126014674394,0.0794979079497908,0.27475592747559274,0.1297071129707113,0.1589958158995816,0.17852161785216178,-0.09975176258817232,1
Team D,Team D#50,527,86,1.989991936361076,0.003776075780571302,0.04566663615509402,0.07969639468690702,0.2884250474383302,0.04174573055028463,0.1252371916508539,0.4971537001897533,0.3776075780571302,1
Team D,Team D#51,1190,229,-0.20722409644069295,-0.00017413789616864953,0.01869877954854157,0.06302521008403361,0.06050420168067227,0.0008403361344537816,0.1319327731092437,0.26554621848739496,-0.017413789616864954,1
Team D,Team D#52,699,141,0.1355938016138254,0.00019398254880375593,0.009282009102312498,0.020028612303290415,0.005722460658082976,0.0,0.09298998569384835,0.21745350500715308,0.019398254880375592,0
Team D,Team D#59,312,65,-1.7260736688036313,-0.005532287400011639,0.031817793017076025,0.11217948717948718,0.3301282051282051,0.003205128205128205,0.18269230769230768,0.34615384615384615,-0.553228740001164,1
Team D,Team D#63,773,113,-1.0715773593583773,-0.0013862579034390392,0.030725367316280363,0.06727037516170763,0.2936610608020699,0.0646830530401035,0.09961190168175937,0.2742561448900388,-0.13862579034390393,1
Team D,Team D#74,236,66,-0.2540329238357212,-0.0010764106942191575,0.016654233132380937,0.046610169491525424,0.025423728813559324,0.0,0.16101694915254236,0.2584745762711864,-0.10764106942191576,1
Team D,Team D#75,646,116,-0.04677013644558026,-7.239959202102207e-05,0.032745157501182925,0.05572755417956656,0.23684210526315788,0.21207430340557276,0.09597523219814241,0.2631578947368421,-0.007239959202102206,1
Team D,Team D#77,617,110,2.0415724917253355,0.003308869516572667,0.03612965383181235,0.1053484602917342,0.3354943273905997,0.04051863857374392,0.1426256077795786,0.3192868719611021,0.33088695165726667,1
Team D,Team D#78,131,41,-0.08683714033353312,-0.0006628789338437644,0.006775797530854459,0.04580152671755725,0.030534351145038167,0.0,0.09923664122137404,0.17557251908396945,-0.06628789338437643,0
Team D,Team D#79,500,81,0.2150379259644565,0.000430075851928913,0.01656128231598255,0.042,0.144,0.0,0.094,0.318,0.0430075851928913,1
Team D,Team D#8,643,114,1.2975459825186764,0.0020179564269341777,0.03008341842226872,0.1181959564541213,0.26749611197511663,0.049766718506998445,0.14152410575427682,0.3157076205287714,0.2017956426934178,1
Team D,Team D#84,662,164,-0.11197976903952159,-0.00016915372966695103,0.011596342636089258,0.022658610271903322,0.0755287009063444,0.0,0.1163141993957704,0.2084592145015106,-0.016915372966695104,0
Team D,Team D#88,270,82,-0.20757672177627323,-0.0007688026732454564,0.007713471689439533,0.05555555555555555,0.014814814814814815,0.0,0.0962962962962963,0.14444444444444443,-0.07688026732454564,0
Team D,Team D@id10532,1,1,0.0,0.0,,0.0,0.0,0.0,0.0,0.0,0.0,0
Team D,Team D@id1086,2,2,0.0,0.0,0.0,0.0,0.0,1.0,0.0,1.0,0.0,2
Team D,Team D@id10938,1,1,0.0,0.0,,0.0,0.0,0.0,0.0,1.0,0.0,3
Team D,Team D@id11231,2,2,0.0,0.0,0.0,0.0,0.0,1.0,0.0,0.0,0.0,2
Team D,Team D@id11816,6,6,0.0,0.0,0.0,0.0,1.0,0.0,0.0,0.0,0.0,1
Team D,Team D@id11843,1,1,0.0,0.0,,0.0,0.0,0.0,0.0,1.0,0.0,3
Team D,Team D@id1207,1,1,0.0,0.0,,0.0,0.0,1.0,0.0,0.0,0.0,2
Team D,Team D@id12666,1,1,0.0,0.0,,0.0,0.0,0.0,0.0,0.0,0.0,0
Team D,Team D@id12723,1,1,0.0,0.0,,0.0,0.0,1.0,0.0,0.0,0.0,2
Team D,Team D@id13215,1,1,0.0,0.0,,0.0,0.0,1.0,0.0,0.0,0.0,2
Team D,Team D@id14652,10,6,0.003011484046438584,0.0003011484046438584,0.0006348765816004139,0.0,0.0,0.4,0.0,1.0,0.03011484046438584,3
Team D,Team D@id1520,2,2,0.0,0.0,0.0,0.0,0.0,1.0,0.0,0.5,0.0,2
Team D,Team D@id1550,9,9,0.0,0.0,0.0,0.0,0.0,0.0,0.0,0.0,0.0,0
Team D,Team D@id1633,12,1,0.0,0.0,0.0,0.0,0.0,0.0,0.0,0.0,0.0,0
Team D,Team D@id20,2,2,0.0,0.0,0.0,0.0,0.0,0.0,0.0,0.0,0.0,0
Team D,Team D@id2064,6,4,0.0,0.0,0.0,0.0,0.0,0.0,0.0,0.0,0.0,0
Team D,Team D@id2262,2,2,0.0,0.0,0.0,0.0,0.0,0.0,0.0,0.0,0.0,0
Team D,Team D@id2614,1,1,0.0,0.0,,0.0,0.0,0.0,0.0,1.0,0.0,3
Team D,Team D@id2737,3,1,0.008753859352495397,0.0029179531174984654,0.004012977044657559,0.3333333333333333,0.0,0.0,0.3333333333333333,0.0,0.2917953117498466,1
Team D,Team D@id3313,1,1,0.0,0.0,,0.0,0.0,0.0,0.0,0.0,0.0,0
Team D,Team D@id3340,9,5,0.0,0.0,0.0,0.0,0.0,0.0,0.1111111111111111,0.0,0.0,0
Team D,Team D@id3988,2,2,0.0,0.0,0.0,0.0,0.0,0.0,0.0,0.5,0.0,0
Team D,Team D@id454,1,1,0.0,0.0,,0.0,0.0,0.0,0.0,0.0,0.0,0
Team D,Team D@id5447,2,1,0.0,0.0,0.0,0.0,0.0,0.0,0.0,0.0,0.0,0
Team D,Team D@id5903,4,1,0.0,0.0,0.0,0.0,0.0,0.0,0.0,0.0,0.0,0
Team D,Team D@id6251,1,1,0.0,0.0,,0.0,0.0,0.0,0.0,0.0,0.0,0
Team D,Team D@id6274,4,4,0.0,0.0,0.0,0.0,0.0,0.0,0.0,0.0,0.0,0
Team D,Team D@id628,2,1,-0.008616276866709627,-0.004308138433354813,0.006092627801031155,0.0,0.0,0.0,0.0,0.0,-0.43081384333548134,0
Team D,Team D@id6297,1,1,0.0,0.0,,0.0,0.0,0.0,0.0,1.0,0.0,3
Team D,Team D@id6326,1,1,0.0,0.0,,0.0,0.0,0.0,0.0,0.0,0.0,0
Team D,Team D@id6470,1,1,0.0,0.0,,0.0,0.0,0.0,0.0,0.0,0.0,0
Team D,Team D@id6622,1,1,0.0,0.0,,0.0,0.0,1.0,0.0,0.0,0.0,2
Team D,Team D@id6791,1,1,0.0,0.0,,0.0,0.0,0.0,0.0,1.0,0.0,3
Team D,Team D@id7048,1,1,0.0,0.0,,0.0,0.0,0.0,0.0,0.0,0.0,0
Team D,Team D@id7337,3,3,0.0,0.0,0.0,0.0,0.0,0.0,0.0,0.6666666666666666,0.0,3
Team D,Team D@id7373,4,4,0.0,0.0,0.0,0.0,0.0,1.0,0.0,0.0,0.0,2
Team D,Team D@id7988,4,2,0.0,0.0,0.0,0.0,0.0,0.0,0.0,0.0,0.0,0
Team D,Team D@id8308,1,1,0.0,0.0,,0.0,0.0,0.0,0.0,0.0,0.0,0
Team D,Team D@id8377,2,1,0.0,0.0,0.0,0.5,0.0,0.0,0.0,0.0,0.0,1
Team D,Team D@id8501,1,1,0.0,0.0,,0.0,0.0,0.0,0.0,0.0,0.0,0
Team D,Team D@id8532,1,1,0.0,0.0,,0.0,0.0,0.0,0.0,1.0,0.0,3
Team E,Team E#10,276,49,1.73736980925136,0.00629481814946145,0.037114645841968864,0.08695652173913043,0.3079710144927536,0.014492753623188406,0.13405797101449277,0.26811594202898553,0.629481814946145,1
Team E,Team E#11,79,25,-1.0210241388030794,-0.012924356187380751,0.03540416276297956,0.17721518987341772,0.26582278481012656,0.31645569620253167,0.16455696202531644,0.3037974683544304,-1.2924356187380752,1
Team E,Team E#12,252,53,0.1130920807496626,0.0004487780982129468,0.02775810594261228,0.12301587301587301,0.12698412698412698,0.0,0.15476190476190477,0.2777777777777778,0.044877809821294676,1
Team E,Team E#15,259,36,-0.9407114412345717,-0.0036320905066971883,0.04705805167279914,0.0694980694980695,0.3667953667953668,0.007722007722007722,0.0694980694980695,0.3281853281853282,-0.3632090506697188,1
Team E,Team E#16,49,14,0.058997892475531055,0.0012040386219496133,0.01995534800970582,0.061224489795918366,0.08163265306122448,0.0,0.12244897959183673,0.2653061224489796,0.12040386219496134,1
Team E,Team E#18,173,31,1.0512836588955479,0.006076784155465594,0.04638820630193129,0.07514450867052024,0.3179190751445087,0.14450867052023122,0.23121387283236994,0.35260115606936415,0.6076784155465594,1
Team E,Team E#19,174,40,1.2771352071125524,0.0073398575121411055,0.03342568148350863,0.1781609195402299,0.3045977011494253,0.040229885057471264,0.22988505747126436,0.2471264367816092,0.7339857512141105,1
Team E,Team E#2,142,35,0.0013659765897441334,9.619553448902347e-06,0.003869890265027234,0.056338028169014086,0.014084507042253521,0.014084507042253521,0.07746478873239436,0.19014084507042253,0.0009619553448902348,0
Team E,Team E#21,200,41,0.4556353785176358,0.002278176892588179,0.052124526951536874,0.085,0.185,0.235,0.135,0.275,0.22781768925881787,1
Team E,Team E#22,166,46,0.4059747115952586,0.0024456307927425217,0.025246763899721716,0.0783132530120482,0.3132530120481928,0.04216867469879518,0.08433734939759036,0.28313253012048195,0.24456307927425217,1
Team E,Team E#25,216,40,0.9614507319444974,0.0044511607960393395,0.035172399427550904,0.09722222222222222,0.2916666666666667,0.07407407407407407,0.11574074074074074,0.21296296296296297,0.44511607960393396,1
Team E,Team E#28,185,38,-0.913275343014047,-0.004936623475751605,0.03749805872516086,0.13513513513513514,0.23243243243243245,0.20540540540540542,0.08108108108108109,0.41081081081081083,-0.49366234757516053,1
Team E,Team E#37,183,49,0.9195797464663286,0.005025025936974473,0.01868843605149981,0.0273224043715847,0.09836065573770492,0.0,0.13114754098360656,0.4808743169398907,0.5025025936974473,1
Team E,Team E#38,166,29,0.43212709879973576,0.002603175293974312,0.009748640626266574,0.04819277108433735,0.030120481927710843,0.0,0.1686746987951807,0.3855421686746988,0.2603175293974312,1
Team E,Team E#39,221,29,-0.36936002281195135,-0.0016713123204160694,0.03523934183625756,0.058823529411764705,0.38009049773755654,0.03619909502262444,0.13122171945701358,0.39819004524886875,-0.16713123204160696,1
Team E,Team E#5,182,42,-0.20459342651821671,-0.0011241397061440479,0.021675454647890346,0.06043956043956044,0.08791208791208792,0.0,0.1043956043956044,0.27472527472527475,-0.11241397061440479,1
Team E,Team E#6,149,41,0.16788909385037576,0.0011267724419488307,0.00935392738549147,0.12751677852348994,0.040268456375838924,0.0,0.087248322147651,0.31543624161073824,0.11267724419488306,1
Team E,Team E#7,253,37,0.21126510199301046,0.0008350399288261283,0.009473033420001655,0.08300395256916997,0.011857707509881422,0.0,0.11462450592885376,0.42292490118577075,0.08350399288261283,1
Team E,Team E@id11526,2,2,0.0,0.0,0.0,0.0,0.0,0.0,0.0,0.0,0.0,0
Team E,Team E@id11863,1,1,0.0,0.0,,0.0,0.0,0.0,0.0,0.0,0.0,0
Team E,Team E@id1775,1,1,0.0,0.0,,0.0,0.0,0.0,0.0,1.0,0.0,3
Team E,Team E@id2754,1,1,0.0,0.0,,0.0,0.0,0.0,0.0,0.0,0.0,0
Team E,Team E@id2760,1,1,0.0,0.0,,0.0,0.0,0.0,0.0,0.0,0.0,0
Team E,Team E@id3609,1,1,0.0,0.0,,0.0,0.0,0.0,0.0,0.0,0.0,0
Team E,Team E@id39,1,1,0.0,0.0,,0.0,0.0,0.0,0.0,0.0,0.0,0
Team E,Team E@id4257,4,4,0.0,0.0,0.0,0.0,0.0,0.0,0.0,0.0,0.0,0
Team E,Team E@id6541,3,1,0.003609565466337672,0.001203188488779224,0.0020390253834914798,0.0,0.0,0.0,0.0,0.0,0.1203188488779224,0
Team E,Team E@id6542,2,1,-0.00943921414717519,-0.004719607073587595,0.006674532332539571,0.0,0.0,0.0,0.0,0.0,-0.4719607073587595,0
Team E,Team E@id6565,4,4,0.0002552896429827145,6.382241074567863e-05,0.00012764482149135725,0.0,0.0,0.0,0.0,0.0,0.006382241074567863,0
Team E,Team E@id7480,1,1,0.0,0.0,,0.0,0.0,0.0,0.0,1.0,0.0,3
Team E,Team E@id7838,1,1,0.0,0.0,,0.0,0.0,0.0,0.0,0.0,0.0,0
Team F,Team F#10,157,31,-0.5325711712323374,-0.003392173065174124,0.024053881906482194,0.07006369426751592,0.2484076433121019,0.0,0.12738853503184713,0.33121019108280253,-0.3392173065174124,1
Team F,Team F#11,283,45,0.7960266898818237,0.0028128151585930165,0.03215871087932826,0.04946996466431095,0.127208480565371,0.0,0.08480565371024736,0.18374558303886926,0.28128151585930167,1
Team F,Team F#18,148,27,-0.7620668949835239,-0.005149100641780566,0.029782088921014072,0.060810810810810814,0.25675675675675674,0.05405405405405406,0.11486486486486487,0.20945945945945946,-0.5149100641780567,1
Team F,Team F#21,317,52,-0.430134832219664,-0.0013568922152039874,0.044384785552345325,0.06309148264984227,0.3312302839116719,0.05993690851735016,0.13249211356466878,0.1829652996845426,-0.13568922152039872,1
Team F,Team F#22,277,53,0.48064251429983934,0.001735171531768373,0.025203027676576617,0.07220216606498195,0.23104693140794225,0.06859205776173286,0.11552346570397112,0.3971119133574007,0.1735171531768373,1
Team F,Team F#23,143,38,0.01479791143467396,0.00010348189814457315,0.002705302665992373,0.11188811188811189,0.0,0.0,0.08391608391608392,0.0979020979020979,0.010348189814457315,1
Team F,Team F#26,285,43,-2.3203878860714937,-0.008141711880952609,0.04358882480570638,0.017543859649122806,0.1368421052631579,0.03508771929824561,0.07368421052631578,0.20701754385964913,-0.8141711880952609,0
Team F,Team F#27,114,34,0.08213792735804615,0.0007205081347197031,0.028603948849667136,0.043859649122807015,0.32456140350877194,0.03508771929824561,0.19298245614035087,0.32456140350877194,0.07205081347197032,1
Team F,Team F#29,114,32,-0.1672966338806423,-0.001467514332286336,0.009476658508025527,0.06140350877192982,0.06140350877192982,0.0,0.07017543859649122,0.18421052631578946,-0.1467514332286336,0
Team F,Team F#38,181,44,-0.16002354697235643,-0.0008841079943224113,0.026463764517564253,0.09392265193370165,0.23756906077348067,0.0055248618784530384,0.1270718232044199,0.2541436464088398,-0.08841079943224112,1
Team F,Team F#42,200,44,-0.009641860826684168,-4.820930413342084e-05,0.013613632386167971,0.01,0.125,0.0,0.1,0.33,-0.004820930413342084,1
Team F,Team F#43,133,29,-0.7352013878677361,-0.005527829983967941,0.04181005841212777,0.10526315789473684,0.21804511278195488,0.022556390977443608,0.10526315789473684,0.43609022556390975,-0.5527829983967941,1
Team F,Team F#46,323,56,-2.030551373850283,-0.006286536761146388,0.04045606656953694,0.058823529411764705,0.29721362229102166,0.05263157894736842,0.13003095975232198,0.29102167182662536,-0.6286536761146388,1
Team F,Team F#48,222,46,-0.11888047579338154,-0.0005354976387089258,0.007085202148487091,0.02702702702702703,0.04504504504504504,0.0,0.0990990990990991,0.43243243243243246,-0.05354976387089259,0
Team F,Team F#6,123,28,0.23835418442036527,0.0019378388977265468,0.010475033842247457,0.0,0.0,0.0,0.04065040650406504,0.17073170731707318,0.1937838897726547,0
Team F,Team F#72,151,24,-0.36539695107982595,-0.002419847358144543,0.04502787074473078,0.10596026490066225,0.32450331125827814,0.0,0.12582781456953643,0.0728476821192053,-0.24198473581445426,1
Team F,Team F#8,176,33,2.2987940338678676,0.013061329737885612,0.05105783208166472,0.09659090909090909,0.26136363636363635,0.0,0.14204545454545456,0.10227272727272728,1.306132973788561,1
Team F,Team F#93,144,26,0.5150723516967851,0.003576891331227674,0.0126783395029993,0.013888888888888888,0.0625,0.0,0.1111111111111111,0.0625,0.3576891331227674,0
Team F,Team F@id10487,4,3,0.0,0.0,0.0,0.0,0.0,0.0,0.0,0.0,0.0,0
Team F,Team F@id12159,3,3,-0.00032629608524559206,-0.00010876536174853069,0.00018838713265206366,0.0,0.0,1.0,0.0,1.0,-0.010876536174853069,2
Team F,Team F@id2058,4,1,0.0,0.0,0.0,0.0,0.0,0.0,0.0,0.0,0.0,0
Team F,Team F@id2059,1,1,0.0,0.0,,0.0,0.0,0.0,0.0,0.0,0.0,0
Team F,Team F@id2620,2,1,0.0,0.0,0.0,0.0,0.0,0.0,0.0,0.0,0.0,0
Team F,Team F@id2970,1,1,0.0,0.0,,0.0,0.0,1.0,0.0,1.0,0.0,2
Team F,Team F@id2979,2,2,0.0,0.0,0.0,0.0,0.0,1.0,0.0,0.0,0.0,2
Team F,Team F@id3131,2,2,0.0,0.0,0.0,0.0,0.0,0.0,0.0,0.0,0.0,0
Team F,Team F@id3853,1,1,0.0,0.0,,0.0,0.0,0.0,0.0,0.0,0.0,0
Team F,Team F@id400,1,1,0.0,0.0,,0.0,0.0,0.0,0.0,0.0,0.0,0
Team F,Team F@id4179,1,1,0.0,0.0,,0.0,0.0,0.0,0.0,0.0,0.0,0
Team F,Team F@id4190,3,3,0.0,0.0,0.0,0.0,0.0,0.0,0.0,0.0,0.0,0
Team F,Team F@id4269,1,1,0.0,0.0,,0.0,0.0,1.0,0.0,1.0,0.0,2
Team F,Team F@id4830,9,2,0.0,0.0,0.0,0.0,0.0,0.0,0.0,0.0,0.0,0
Team F,Team F@id4868,2,1,0.0,0.0,0.0,0.0,0.0,0.0,0.0,0.0,0.0,0
Team F,Team F@id7245,1,1,0.0,0.0,,0.0,0.0,0.0,0.0,0.0,0.0,0
Team F,Team F@id8823,5,1,0.0002527179402550539,5.054358805101078e-05,0.00013724564118013162,0.0,0.0,0.0,0.0,0.4,0.005054358805101078,0
Team F,Team F@id8950,9,5,0.0,0.0,0.0,0.0,0.0,0.0,0.0,0.0,0.0,0
Team F,Team F@id8954,22,6,-0.023273528348177974,-0.001057887652189908,0.003359541225328025,0.0,0.0,0.0,0.0,0.0,-0.10578876521899079,0
Team G,Team G#1,2,2,0.0,0.0,0.0,0.0,0.0,0.0,0.0,1.0,0.0,3
Team G,Team G#11,321,48,0.3690628792888603,0.0011497285959154527,0.029395372416125,0.0778816199376947,0.2772585669781931,0.003115264797507788,0.1526479750778816,0.17133956386292834,0.11497285959154527,1
Team G,Team G#12,162,40,-0.8952668726265164,-0.005526338719916768,0.03867150866285068,0.043209876543209874,0.14814814814814814,0.18518518518518517,0.07407407407407407,0.2962962962962963,-0.5526338719916768,1
Team G,Team G#13,45,14,0.14434154492038306,0.0032075898871196237,0.0503937403648309,0.15555555555555556,0.4,0.0,0.06666666666666667,0.1111111111111111,0.32075898871196235,1
Team G,Team G#19,91,26,-0.1578859439746435,-0.001735010373347731,0.027941557141443814,0.02197802197802198,0.26373626373626374,0.06593406593406594,0.10989010989010989,0.3516483516483517,-0.1735010373347731,1
Team G,Team G#2,104,29,0.02649958068718028,0.00025480366045365656,0.00974953528934773,0.09615384615384616,0.009615384615384616,0.0,0.125,0.23076923076923078,0.025480366045365653,1
Team G,Team G#20,200,46,-0.5295013802411388,-0.002647506901205694,0.031090654027169814,0.24,0.205,0.035,0.16,0.265,-0.2647506901205694,1
Team G,Team G#26,148,33,0.3726544346498796,0.002517935369255943,0.03178332918910973,0.12837837837837837,0.25,0.006756756756756757,0.1554054054054054,0.41216216216216217,0.2517935369255943,1
Team G,Team G#27,127,29,0.25703648577672983,0.0020239093368246445,0.010689653741717183,0.007874015748031496,0.047244094488188976,0.0,0.11023622047244094,0.3464566929133858,0.20239093368246444,0
Team G,Team G#32,82,26,-0.4418227289453327,-0.0053880820603089356,0.04334160547998068,0.0975609756097561,0.21951219512195122,0.04878048780487805,0.04878048780487805,0.3170731707317073,-0.5388082060308935,1
Team G,Team G#40,110,30,0.17382116494721833,0.0015801924086110758,0.037177741520925435,0.03636363636363636,0.2,0.15454545454545454,0.1,0.05454545454545454,0.15801924086110758,1
Team G,Team G#41,301,54,0.5725089119362357,0.0019020229632433078,0.040687748212289196,0.07308970099667775,0.3654485049833887,0.09634551495016612,0.09302325581395349,0.1760797342192691,0.19020229632433078,1
Team G,Team G#43,116,40,0.0823718353186435,0.0007101020286089957,0.012412284574370597,0.15517241379310345,0.10344827586206896,0.0,0.15517241379310345,0.21551724137931033,0.07101020286089957,1
Team G,Team G#44,239,44,-1.985062422565274,-0.008305700512825415,0.04793579211599831,0.09205020920502092,0.22594142259414227,0.058577405857740586,0.12552301255230125,0.2175732217573222,-0.8305700512825415,1
Team G,Team G#45,124,26,1.3991002196189017,0.011283066287249208,0.05402908946841245,0.11290322580645161,0.3064516129032258,0.12096774193548387,0.20161290322580644,0.16129032258064516,1.1283066287249208,1
Team G,Team G#47,143,42,0.02261611104551267,0.00015815462269589282,0.010478030733644299,0.013986013986013986,0.08391608391608392,0.0,0.08391608391608392,0.24475524475524477,0.01581546226958928,0
Team G,Team G#5,151,42,-0.09381708053070767,-0.0006213051690775343,0.020698065414642204,0.09933774834437085,0.09271523178807947,0.0,0.1390728476821192,0.3841059602649007,-0.062130516907753425,1
Team G,Team G#7,253,44,-0.27552580188266373,-0.0010890347900500542,0.015883213477034152,0.03162055335968379,0.02766798418972332,0.0,0.1067193675889328,0.2015810276679842,-0.10890347900500542,0
Team G,Team G#92,110,28,-0.2729895525199336,-0.002481723204726669,0.043029799318461306,0.16363636363636364,0.2727272727272727,0.06363636363636363,0.2545454545454545,0.12727272727272726,-0.24817232047266694,1
Team G,Team G@id1095,6,2,0.047830484759661396,0.007971747459943565,0.06184203913368583,0.16666666666666666,0.0,0.0,0.3333333333333333,0.0,0.7971747459943566,1
Team G,Team G@id1259,1,1,0.0,0.0,,0.0,0.0,1.0,0.0,1.0,0.0,2
Team G,Team G@id1323,1,1,0.0,0.0,,0.0,0.0,0.0,0.0,0.0,0.0,0
Team G,Team G@id1383,1,1,0.0,0.0,,0.0,0.0,0.0,0.0,1.0,0.0,3
Team G,Team G@id3180,1,1,0.0,0.0,,0.0,0.0,0.0,0.0,0.0,0.0,0
Team G,Team G@id3252,1,1,0.0,0.0,,0.0,0.0,1.0,0.0,0.0,0.0,2
Team G,Team G@id3312,2,1,0.009029664897532652,0.004514832448766326,0.00638493728088747,0.0,0.5,0.0,0.0,0.0,0.4514832448766326,1
Team G,Team G@id3481,4,2,0.0,0.0,0.0,0.0,0.0,0.0,0.0,0.0,0.0,0
Team G,Team G@id3695,1,1,0.0,0.0,,0.0,0.0,0.0,0.0,1.0,0.0,3
Team G,Team G@id4261,1,1,0.0,0.0,,0.0,0.0,1.0,0.0,0.0,0.0,2
Team G,Team G@id5846,2,2,0.0,0.0,0.0,0.0,0.0,1.0,0.0,0.0,0.0,2
Team G,Team G@id7728,1,1,0.0,0.0,,0.0,0.0,0.0,0.0,0.0,0.0,0
Team G,Team G@id8320,4,3,0.0,0.0,0.0,0.0,0.0,0.0,0.0,0.0,0.0,0
Team G,Team G@id8386,1,1,0.0,0.0,,0.0,0.0,0.0,0.0,0.0,0.0,0
Team G,Team G@id9354,4,4,0.0,0.0,0.0,0.0,0.0,1.0,0.0,1.0,0.0,2
Team H,Team H#10,147,17,1.769940992223784,0.012040414913086966,0.024083452971385037,0.16326530612244897,0.4421768707482993,0.0,0.14965986394557823,0.1360544217687075,1.2040414913086965,1
Team H,Team H#11,132,21,0.19889002836485425,0.0015067426391276837,0.028784992309728884,0.030303030303030304,0.19696969696969696,0.49242424242424243,0.13636363636363635,0.4621212121212121,0.15067426391276836,1
Team H,Team H#12,271,40,-2.7784985926754717,-0.010252762334595837,0.0412047013527153,0.05904059040590406,0.25092250922509224,0.08856088560885608,0.07380073800738007,0.42066420664206644,-1.0252762334595837,1
Team H,Team H#13,152,23,-0.11227531210818764,-0.0007386533691328134,0.013129768648722619,0.125,0.34210526315789475,0.0,0.16447368421052633,0.27631578947368424,-0.07386533691328134,1
Team H,Team H#16,128,15,-0.667342441449924,-0.005213612823827532,0.03681841362319381,0.125,0.171875,0.2578125,0.0546875,0.0625,-0.5213612823827531,1
Team H,Team H#17,209,43,-0.0991842581391188,-0.00047456582841683636,0.029124227965613626,0.0861244019138756,0.31100478468899523,0.03349282296650718,0.08133971291866028,0.24880382775119617,-0.04745658284168363,1
Team H,Team H#18,170,21,-0.09913480238610342,-0.0005831458963888437,0.007547323352931752,0.1,0.01764705882352941,0.0,0.08235294117647059,0.47058823529411764,-0.05831458963888436,1
Team H,Team H#19,180,35,-0.533821435981988,-0.0029656746443443775,0.03406576485583375,0.05,0.20555555555555555,0.07777777777777778,0.12777777777777777,0.14444444444444443,-0.29656746443443777,1
Team H,Team H#2,162,45,1.2833224936366725,0.007921743787880695,0.028702569019119155,0.04938271604938271,0.21604938271604937,0.006172839506172839,0.037037037037037035,0.42592592592592593,0.7921743787880694,1
Team H,Team H#20,126,25,0.23880928036459184,0.0018953117489253321,0.03830517017982148,0.14285714285714285,0.3888888888888889,0.015873015873015872,0.16666666666666666,0.35714285714285715,0.1895311748925332,1
Team H,Team H#21,105,16,0.23084146814690965,0.002198490172827711,0.025037610125300647,0.047619047619047616,0.14285714285714285,0.20952380952380953,0.12380952380952381,0.13333333333333333,0.2198490172827711,1
Team H,Team H#26,315,47,0.14539087655681765,0.0004615583382756116,0.009012608452243252,0.0380952380952381,0.0,0.0,0.23492063492063492,0.17142857142857143,0.04615583382756116,1
Team H,Team H#3,89,21,-0.2174882087255568,-0.0024436877384894024,0.01214693633938411,0.033707865168539325,0.033707865168539325,0.033707865168539325,0.07865168539325842,0.19101123595505617,-0.2443687738489402,0
Team H,Team H#32,259,39,1.8651209895399916,0.00720123934185325,0.04744669804906311,0.023166023166023165,0.38996138996138996,0.011583011583011582,0.15444015444015444,0.30115830115830117,0.7201239341853249,1
Team H,Team H#34,235,30,0.20455688068533606,0.000870454811426962,0.04892651611255054,0.0851063829787234,0.3404255319148936,0.06808510638297872,0.13191489361702127,0.3148936170212766,0.0870454811426962,1
Team H,Team H#38,226,40,-0.8957603551069855,-0.003963541394278697,0.03593893614946034,0.12831858407079647,0.3008849557522124,0.17256637168141592,0.15486725663716813,0.252212389380531,-0.3963541394278697,1
Team H,Team H#5,92,23,-0.014476445332936572,-0.00015735266666235404,0.00434878583533321,0.043478260869565216,0.08695652173913043,0.0,0.05434782608695652,0.7717391304347826,-0.015735266666235405,3
Team H,Team H#8,262,54,-0.4314849914906431,-0.001646889280498638,0.010681674677781906,0.12213740458015267,0.2099236641221374,0.0,0.15267175572519084,0.1946564885496183,-0.1646889280498638,1
Team H,Team H@id10737,6,2,-0.05122978934004163,-0.008538298223340271,0.012409146538414982,0.0,0.0,0.0,0.3333333333333333,0.0,-0.8538298223340272,1
Team H,Team H@id1206,2,2,0.0,0.0,0.0,0.0,0.0,0.0,0.0,0.0,0.0,0
Team H,Team H@id1207,6,6,0.0,0.0,0.0,0.0,0.0,0.0,0.0,0.0,0.0,0
Team H,Team H@id1863,1,1,0.0,0.0,,0.0,0.0,0.0,0.0,0.0,0.0,0
Team H,Team H@id2865,1,1,0.0,0.0,,0.0,0.0,0.0,0.0,0.0,0.0,0
Team H,Team H@id3487,3,3,0.0,0.0,0.0,0.0,0.0,0.0,0.0,0.0,0.0,0
Team H,Team H@id4657,5,1,0.006741938284022031,0.0013483876568044062,0.0030150864606363088,0.2,0.8,0.0,0.2,0.8,0.13483876568044062,1
Team H,Team H@id4664,8,1,0.005372883250441718,0.0006716104063052147,0.0015288372092791965,0.0,0.0,0.0,0.0,0.0,0.06716104063052147,0
Team H,Team H@id4690,1,1,0.0,0.0,,0.0,0.0,0.0,0.0,0.0,0.0,0
Team H,Team H@id4867,1,1,0.0,0.0,,0.0,0.0,0.0,0.0,1.0,0.0,3
Team H,Team H@id4932,3,3,0.0,0.0,0.0,0.0,0.0,0.0,0.0,0.0,0.0,0
Team H,Team H@id4948,13,7,0.00019143929018811123,1.4726099245239325e-05,2.798389411165474e-05,0.0,0.0,0.0,0.0,1.0,0.0014726099245239326,3
Team H,Team H@id689,4,4,0.0,0.0,0.0,0.0,0.0,0.0,0.0,1.0,0.0,3
Team I,Team I#11,662,86,0.6643421205503452,0.0010035379464506725,0.02695187661280982,0.05740181268882175,0.32779456193353473,0.08610271903323263,0.08006042296072508,0.28851963746223563,0.10035379464506726,1
Team I,Team I#19,356,69,-0.2303805267466497,-0.0006471363110860946,0.029713637921588487,0.07865168539325842,0.23876404494382023,0.02247191011235955,0.1348314606741573,0.3960674157303371,-0.06471363110860946,1
Team I,Team I#21,833,91,2.6031846440059674,0.00312507160144774,0.03889138466926392,0.09123649459783914,0.37334933973589435,0.056422569027611044,0.12004801920768307,0.3457382953181273,0.312507160144774,1
Team I,Team I#22,398,56,-1.4245954312008047,-0.00357938550552966,0.018407515581202735,0.03015075376884422,0.035175879396984924,0.0,0.14824120603015076,0.2889447236180904,-0.35793855055296603,1
Team I,Team I#27,397,61,2.3872318893387545,0.006013178562566133,0.03462391298936799,0.06801007556675064,0.34760705289672544,0.03526448362720403,0.14105793450881612,0.2871536523929471,0.6013178562566133,1
Team I,Team I#28,390,75,-0.9240354214693111,-0.002369321593511054,0.03205467978864112,0.15897435897435896,0.3435897435897436,0.03333333333333333,0.20512820512820512,0.26666666666666666,-0.2369321593511054,1
Team I,Team I#3,516,84,0.3816477022381416,0.0007396273299188791,0.01759362818869463,0.07364341085271318,0.12790697674418605,0.0,0.10271317829457365,0.2441860465116279,0.07396273299188791,1
Team I,Team I#31,6,6,0.0,0.0,0.0,0.0,0.0,0.0,0.0,0.0,0.0,0
Team I,Team I#34,379,62,2.313510899783869,0.006104250395208098,0.0327410656185706,0.055408970976253295,0.2559366754617414,0.002638522427440633,0.12137203166226913,0.18997361477572558,0.6104250395208098,1
Team I,Team I#37,417,71,0.08759249255721407,0.0002100539389861249,0.003644318765085336,0.023980815347721823,0.026378896882494004,0.0,0.09832134292565947,0.18225419664268586,0.021005393898612487,0
Team I,Team I#4,212,71,0.9404303616684144,0.004435992272020823,0.01896324224864337,0.07547169811320754,0.12264150943396226,0.0,0.1320754716981132,0.4009433962264151,0.4435992272020823,1
Team I,Team I#41,79,33,0.207462535592358,0.002626108045472886,0.012459887908631385,0.06329113924050633,0.0,0.0,0.13924050632911392,0.31645569620253167,0.26261080454728863,1
Team I,Team I#47,315,49,1.0084434666573643,0.0032014078306582994,0.029605360638087864,0.022222222222222223,0.3396825396825397,0.047619047619047616,0.0761904761904762,0.16507936507936508,0.32014078306582994,1
Team I,Team I#51,205,44,-1.754279048796217,-0.008557458774615693,0.03723454054713476,0.02926829268292683,0.21951219512195122,0.12195121951219512,0.1073170731707317,0.16585365853658537,-0.8557458774615693,1
Team I,Team I#56,541,74,-0.27498064195265226,-0.0005082821477867879,0.005103053983393001,0.059149722735674676,0.11829944547134935,0.0,0.10351201478743069,0.18299445471349354,-0.05082821477867879,1
Team I,Team I#65,366,60,1.8650272277430446,0.005095702808041106,0.027265031390730422,0.1284153005464481,0.2978142076502732,0.09016393442622951,0.16939890710382513,0.31420765027322406,0.5095702808041106,1
Team I,Team I#77,189,43,-0.7893839064681294,-0.004176634425757299,0.04075276518942419,0.14285714285714285,0.32275132275132273,0.042328042328042326,0.14814814814814814,0.1746031746031746,-0.4176634425757298,1
Team I,Team I#81,243,47,-0.8886636729413226,-0.003657052152021904,0.030168849547588604,0.1440329218106996,0.2716049382716049,0.03292181069958848,0.14814814814814814,0.32510288065843623,-0.36570521520219035,1
Team I,Team I#93,217,63,0.892326866786964,0.004112105376898452,0.03374835149187732,0.20276497695852536,0.35023041474654376,0.013824884792626729,0.2764976958525346,0.35944700460829493,0.4112105376898452,1
Team I,Team I@id1319,3,3,0.0,0.0,0.0,0.0,0.0,0.0,0.0,0.0,0.0,0
Team I,Team I@id2890,1,1,0.0,0.0,,0.0,0.0,0.0,0.0,0.0,0.0,0
Team I,Team I@id373,2,1,-2.7360424383671145e-05,-1.3680212191835572e-05,1.934674161783563e-05,0.0,0.0,0.0,0.0,0.0,-0.0013680212191835572,0
Team I,Team I@id3813,3,3,0.0,0.0,0.0,0.0,0.0,0.0,0.0,0.0,0.0,0
Team I,Team I@id3822,7,3,-0.00017069947551850984,-2.438563935978712e-05,3.536813418856415e-05,0.0,0.0,0.0,0.0,0.0,-0.002438563935978712,0
Team I,Team I@id4338,3,3,0.0,0.0,0.0,0.0,0.0,0.0,0.0,0.0,0.0,0
Team I,Team I@id5307,3,3,0.0,0.0,0.0,0.0,0.0,1.0,0.0,0.0,0.0,2
Team I,Team I@id5317,20,9,-0.2276951937398537,-0.011384759686992684,0.011736520803860255,0.0,0.0,0.0,0.0,0.0,-1.1384759686992685,0
Team I,Team I@id5332,9,9,0.0,0.0,0.0,0.0,0.0,0.0,0.0,0.0,0.0,0
Team I,Team I@id5486,1,1,0.0,0.0,,0.0,0.0,0.0,0.0,1.0,0.0,3
Team I,Team I@id6138,1,1,0.0,0.0,,0.0,0.0,0.0,0.0,0.0,0.0,0
Team I,Team I@id6354,2,2,0.0,0.0,0.0,0.0,0.0,1.0,0.0,0.0,0.0,2
Team I,Team I@id6365,1,1,0.0,0.0,,0.0,0.0,0.0,0.0,1.0,0.0,3
Team I,Team I@id6738,1,1,0.0,0.0,,0.0,0.0,1.0,0.0,0.0,0.0,2
Team I,Team I@id7340,2,1,0.0,0.0,0.0,0.5,0.0,0.0,0.5,0.0,0.0,1
Team I,Team I@id75,5,5,0.0,0.0,0.0,0.0,0.0,0.0,0.0,0.0,0.0,0
Team I,Team I@id8045,5,2,-2.6288709141675248e-05,-5.25774182833505e-06,1.1756668136301202e-05,0.0,0.0,0.0,0.0,0.0,-0.000525774182833505,0
Team I,Team I@id9228,1,1,0.0,0.0,,0.0,0.0,0.0,0.0,1.0,0.0,3
Team I,Team I@id9404,21,9,-0.0009230640238261367,-4.395542970600651e-05,5.493005272323547e-05,0.0,0.0,0.0,0.0,0.0,-0.004395542970600651,0
Team I,Team I@id9546,9,9,0.0,0.0,0.0,0.0,0.0,1.0,0.0,0.0,0.0,2
Team J,Team J#12,177,42,-0.4875639111658565,-0.002754598368168681,0.018827294774648277,0.14124293785310735,0.13559322033898305,0.0,0.1751412429378531,0.20903954802259886,-0.2754598368168681,1
Team J,Team J#13,175,34,-0.76691000047438,-0.0043823428598536,0.03758647331790286,0.13714285714285715,0.28,0.011428571428571429,0.17714285714285713,0.49714285714285716,-0.43823428598535996,1
Team J,Team J#15,102,23,-0.772544973199533,-0.007573970325485617,0.03371734908200274,0.20588235294117646,0.3235294117647059,0.0,0.11764705882352941,0.058823529411764705,-0.7573970325485618,1
Team J,Team J#18,251,48,0.9109643532895224,0.0036293400529463045,0.0307560838991133,0.12350597609561753,0.3466135458167331,0.07569721115537849,0.10756972111553785,0.350597609561753,0.36293400529463044,1
Team J,Team J#19,186,41,-1.234184377609459,-0.006635399879620747,0.04182121314322549,0.10215053763440861,0.26344086021505375,0.11290322580645161,0.1827956989247312,0.3978494623655914,-0.6635399879620747,1
Team J,Team J#25,196,37,0.6335452966391808,0.0032323739624448,0.026720679486777258,0.11734693877551021,0.20408163265306123,0.01020408163265306,0.1989795918367347,0.4897959183673469,0.32323739624448,1
Team J,Team J#30,3,3,0.0,0.0,0.0,0.0,0.0,1.0,0.0,0.0,0.0,2
Team J,Team J#36,260,41,0.821537029336156,0.0031597578051390618,0.026675065142994944,0.06538461538461539,0.25384615384615383,0.14615384615384616,0.14615384615384616,0.4,0.3159757805139062,1
Team J,Team J#41,126,20,0.6911434842346165,0.005485265747893781,0.045680056484159556,0.0873015873015873,0.21428571428571427,0.0,0.07936507936507936,0.23809523809523808,0.5485265747893782,1
Team J,Team J#43,184,42,0.195103147250191,0.001060343191577125,0.03282445139472987,0.10869565217391304,0.3423913043478261,0.03804347826086957,0.20652173913043478,0.375,0.1060343191577125,1
Team J,Team J#5,73,25,-0.16920290922186912,-0.0023178480715324535,0.016847921760548813,0.0958904109589041,0.1095890410958904,0.0,0.1232876712328767,0.136986301369863,-0.23178480715324537,1
Team J,Team J#50,222,40,0.0754551996002174,0.0003398882864874658,0.006549655972374656,0.04504504504504504,0.04954954954954955,0.0,0.0990990990990991,0.43243243243243246,0.03398882864874658,1
Team J,Team J#6,128,37,-0.1727906811132903,-0.0013499271961975804,0.005905550662976935,0.015625,0.0625,0.0,0.0703125,0.3125,-0.13499271961975803,0
Team J,Team J#63,328,54,-0.2663672044507302,-0.0008120951355205189,0.032479778662963504,0.08536585365853659,0.1951219512195122,0.20121951219512196,0.06402439024390244,0.29573170731707316,-0.08120951355205189,1
Team J,Team J#65,34,12,0.03767380068374421,0.0011080529612865944,0.003246160463711421,0.058823529411764705,0.08823529411764706,0.0,0.29411764705882354,0.20588235294117646,0.11080529612865944,1
Team J,Team J#77,212,49,1.8843488702701041,0.008888438067311813,0.03623960258194455,0.17452830188679244,0.3160377358490566,0.0,0.13679245283018868,0.41037735849056606,0.8888438067311811,1
Team J,Team J#8,129,30,-0.04023170907463686,-0.00031187371375687484,0.005465468843911732,0.031007751937984496,0.015503875968992248,0.0,0.06976744186046512,0.29457364341085274,-0.031187371375687487,0
Team J,Team J#82,248,47,-0.35726659257776244,-0.0014405910991038809,0.014516555386818125,0.04838709677419355,0.13306451612903225,0.0,0.10887096774193548,0.5403225806451613,-0.14405910991038806,1
Team J,Team J#88,108,30,-0.12498368002810609,-0.0011572562965565377,0.024751742048982794,0.05555555555555555,0.10185185185185185,0.046296296296296294,0.1111111111111111,0.28703703703703703,-0.11572562965565378,1
Team J,Team J@id10860,5,1,0.0,0.0,0.0,0.0,0.0,0.0,0.0,0.0,0.0,0
Team J,Team J@id10887,3,3,0.0,0.0,0.0,0.0,0.0,0.0,0.0,0.0,0.0,0
Team J,Team J@id10904,4,1,0.0,0.0,0.0,0.0,0.0,0.0,0.0,0.0,0.0,0
Team J,Team J@id1247,3,1,-0.0017037147491273386,-0.0005679049163757796,0.0007209124400366234,0.0,0.0,0.0,0.0,0.0,-0.056790491637577954,0
Team J,Team J@id2985,4,4,0.0,0.0,0.0,0.0,0.0,0.0,0.0,1.0,0.0,3
Team J,Team J@id4207,1,1,0.0,0.0,,0.0,0.0,0.0,0.0,0.0,0.0,0
Team J,Team J@id4515,1,1,0.0,0.0,,0.0,0.0,0.0,0.0,0.0,0.0,0
Team J,Team J@id986,2,1,0.0,0.0,0.0,0.0,0.0,0.0,0.0,0.0,0.0,0
Team K,Team K#14,128,53,-0.29223189963296603,-0.002283061715882547,0.02066054477718705,0.0078125,0.0859375,0.0,0.109375,0.21875,-0.22830617158825472,0
Team K,Team K#22,487,96,3.906653040257913,0.008021874825991608,0.04306414999333038,0.0944558521560575,0.2648870636550308,0.11293634496919917,0.09650924024640657,0.20123203285420946,0.8021874825991607,1
Team K,Team K#23,318,89,-0.561669335258726,-0.0017662557712538553,0.01780931423635209,0.04716981132075472,0.040880503144654086,0.0,0.13522012578616352,0.29245283018867924,-0.17662557712538554,1
Team K,Team K#25,640,138,0.07961387332013575,0.0001243966770627121,0.0366154815623353,0.0875,0.321875,0.0703125,0.1640625,0.3359375,0.012439667706271211,1
Team K,Team K#26,277,65,1.8671526944044172,0.006740623445503312,0.03721340948411708,0.18772563176895307,0.24187725631768953,0.06859205776173286,0.1371841155234657,0.24548736462093862,0.6740623445503311,1
Team K,Team K#38,730,146,0.7304902515479894,0.0010006715774629991,0.007804318135283909,0.06164383561643835,0.07260273972602739,0.0,0.0958904109589041,0.27808219178082194,0.10006715774629991,1
Team K,Team K#41,253,58,-0.6327600824703812,-0.002501027993954076,0.031154583947240615,0.1541501976284585,0.2766798418972332,0.043478260869565216,0.13438735177865613,0.2608695652173913,-0.2501027993954076,1
Team K,Team K#42,944,177,0.5855210377771359,0.000620255336628322,0.016410206594319944,0.046610169491525424,0.11970338983050847,0.0031779661016949155,0.1239406779661017,0.22033898305084745,0.06202553366283219,1
Team K,Team K#45,887,131,-1.5931797388295774,-0.0017961440122092193,0.04170651901891187,0.0777903043968433,0.1995490417136415,0.0777903043968433,0.12288613303269448,0.2717023675310034,-0.17961440122092193,1
Team K,Team K#47,127,20,-0.26139459708695917,-0.0020582251739130644,0.01638640525421745,0.023622047244094488,0.0,0.0,0.03937007874015748,0.10236220472440945,-0.20582251739130644,0
Team K,Team K#49,48,13,-0.5680137076357061,-0.011833618909077212,0.036606286466327936,0.10416666666666667,0.3958333333333333,0.14583333333333334,0.020833333333333332,0.0,-1.1833618909077213,1
Team K,Team K#53,643,107,-1.854213147437821,-0.002883690742516051,0.038739355153048396,0.09797822706065319,0.27838258164852253,0.14774494556765164,0.10108864696734059,0.3483670295489891,-0.28836907425160513,1
Team K,Team K#58,528,96,0.07790388080607552,0.00014754522879938545,0.027180654449753046,0.07575757575757576,0.14015151515151514,0.0,0.17803030303030304,0.3068181818181818,0.014754522879938545,1
Team K,Team K#62,576,109,0.775143061111711,0.0013457344810967205,0.03270068271335479,0.0954861111111111,0.3732638888888889,0.020833333333333332,0.171875,0.22395833333333334,0.13457344810967206,1
Team K,Team K#63,330,70,0.2724094992356636,0.0008254833310171624,0.03444203954495666,0.10606060606060606,0.2818181818181818,0.021212121212121213,0.10606060606060606,0.20606060606060606,0.08254833310171625,1
Team K,Team K#67,381,98,1.5109899305675876,0.0039658528361354,0.03832341522229551,0.05511811023622047,0.33070866141732286,0.03412073490813648,0.12598425196850394,0.2782152230971129,0.39658528361354006,1
Team K,Team K#68,882,138,3.4440256130001243,0.0039047909444445855,0.032738754664299194,0.0873015873015873,0.32086167800453513,0.03968253968253968,0.13038548752834467,0.22675736961451248,0.39047909444445855,1
Team K,Team K#75,306,83,0.6842488149869238,0.002236107238519359,0.012955315998864809,0.058823529411764705,0.049019607843137254,0.0,0.11764705882352941,0.19607843137254902,0.2236107238519359,1
Team K,Team K#76,111,28,0.22462778441355064,0.002023673733455411,0.019284803796906714,0.27927927927927926,0.0990990990990991,0.036036036036036036,0.27927927927927926,0.5945945945945946,0.2023673733455411,1
Team K,Team K#78,853,142,2.6147944597493593,0.003065409683176271,0.03810653080102242,0.1242672919109027,0.31535756154747946,0.021101992966002344,0.14419695193434937,0.2321219226260258,0.3065409683176271,1
Team K,Team K#92,666,123,-0.21464372994900863,-0.00032228788280631924,0.03734803086829596,0.1066066066066066,0.33183183183183185,0.015015015015015015,0.15615615615615616,0.26126126126126126,-0.03222878828063193,1
Team K,Team K#93,148,23,0.08562753754016866,0.0005785644428389775,0.009195949944131173,0.08783783783783784,0.13513513513513514,0.02027027027027027,0.05405405405405406,0.41216216216216217,0.05785644428389774,1
Team K,Team K@id10126,2,1,-4.050290243018395e-05,-2.0251451215091976e-05,2.8639876966120167e-05,0.0,0.0,0.0,0.0,0.0,-0.0020251451215091976,0
Team K,Team K@id10287,2,1,-3.4186628067756075e-05,-1.7093314033878038e-05,2.4173596532612678e-05,0.0,0.0,0.0,0.0,1.0,-0.0017093314033878038,3
Team K,Team K@id10312,4,4,0.0,0.0,0.0,0.0,0.0,0.0,0.0,0.0,0.0,0
Team K,Team K@id10965,1,1,0.0,0.0,,0.0,0.0,0.0,0.0,0.0,0.0,0
Team K,Team K@id11104,1,1,0.0,0.0,,0.0,0.0,0.0,0.0,0.0,0.0,0
Team K,Team K@id1444,2,2,0.0,0.0,0.0,0.0,0.0,0.0,0.0,0.0,0.0,0
Team K,Team K@id1446,2,2,0.0,0.0,0.0,0.0,0.0,0.0,0.0,0.0,0.0,0
Team K,Team K@id1451,2,2,0.025802316460590613,0.012901158230295307,0.0,0.0,0.0,0.0,0.0,0.0,1.2901158230295307,0
Team K,Team K@id1766,1,1,0.0,0.0,,0.0,0.0,0.0,0.0,0.0,0.0,0
Team K,Team K@id2122,13,7,-0.03480647834419337,-0.002677421411091798,0.003956974570947301,0.0,0.0,0.0,0.0,0.0,-0.26774214110917977,0
Team K,Team K@id2618,2,2,0.0,0.0,0.0,0.0,0.0,1.0,0.0,1.0,0.0,2
Team K,Team K@id2627,2,2,0.0,0.0,0.0,0.0,0.0,0.0,0.0,1.0,0.0,3
Team K,Team K@id2650,4,4,0.0,0.0,0.0,0.0,0.0,1.0,0.0,1.0,0.0,2
Team K,Team K@id3307,3,3,0.0,0.0,0.0,0.0,0.0,0.0,0.0,0.0,0.0,0
Team K,Team K@id3669,3,1,-0.00016693599365802392,-5.564533121934131e-05,8.729875772302837e-05,0.0,0.0,0.0,0.0,0.0,-0.00556453312193413,0
Team K,Team K@id3976,2,2,0.0,0.0,0.0,0.0,0.0,0.0,0.0,1.0,0.0,3
Team K,Team K@id4383,1,1,0.0,0.0,,0.0,0.0,0.0,0.0,1.0,0.0,3
Team K,Team K@id449,7,3,-0.0040236329195382226,-0.0005748047027911747,0.020007303103024707,0.0,0.0,0.0,0.0,0.7142857142857143,-0.057480470279117464,3
Team K,Team K@id4724,1,1,0.0,0.0,,0.0,0.0,0.0,0.0,0.0,0.0,0
Team K,Team K@id4991,1,1,-4.0654250842764306e-05,-4.0654250842764306e-05,,0.0,0.0,0.0,0.0,0.0,-0.004065425084276431,0
Team K,Team K@id5145,1,1,0.0,0.0,,0.0,0.0,0.0,0.0,0.0,0.0,0
Team K,Team K@id5373,2,2,0.0,0.0,0.0,0.0,0.0,0.0,0.0,0.0,0.0,0
Team K,Team K@id5412,1,1,0.0,0.0,,0.0,0.0,1.0,0.0,0.0,0.0,2
Team K,Team K@id5576,1,1,0.0,0.0,,0.0,0.0,0.0,0.0,0.0,0.0,0
Team K,Team K@id5714,1,1,0.0,0.0,,0.0,0.0,0.0,0.0,0.0,0.0,0
Team K,Team K@id5852,2,2,0.0,0.0,0.0,0.0,0.0,0.0,0.0,0.0,0.0,0
Team K,Team K@id6098,1,1,0.0,0.0,,0.0,0.0,0.0,0.0,1.0,0.0,3
Team K,Team K@id6251,4,1,-1.4318289612291757e-05,-3.5795724030729392e-06,7.1591448061458784e-06,0.0,0.0,0.0,0.0,0.0,-0.0003579572403072939,0
Team K,Team K@id6259,1,1,0.0,0.0,,0.0,0.0,0.0,0.0,0.0,0.0,0
Team K,Team K@id7783,1,1,0.0,0.0,,0.0,0.0,0.0,0.0,0.0,0.0,0
Team K,Team K@id7843,1,1,0.0,0.0,,0.0,0.0,0.0,0.0,0.0,0.0,0
Team K,Team K@id9311,3,3,0.0,0.0,0.0,0.0,0.0,0.0,0.0,0.0,0.0,0
Team L,Team L#1,6,4,0.0,0.0,0.0,0.0,0.0,0.0,0.0,0.0,0.0,0
Team L,Team L#10,579,92,0.974413366657555,0.0016829246401684887,0.018952769915193145,0.044905008635578586,0.02936096718480138,0.008635578583765112,0.13298791018998274,0.20552677029360966,0.16829246401684889,1
Team L,Team L#11,182,39,2.5275719581448564,0.013887758011784926,0.04209113635778648,0.10989010989010989,0.27472527472527475,0.005494505494505495,0.10989010989010989,0.02197802197802198,1.3887758011784925,1
Team L,Team L#12,315,54,-0.6665600147512634,-0.0021160635388928995,0.039563418842494674,0.12063492063492064,0.34285714285714286,0.03492063492063492,0.12063492063492064,0.21904761904761905,-0.21160635388928994,1
Team L,Team L#14,579,107,-1.0781588427615456,-0.001862105082489716,0.027991910165296275,0.04835924006908463,0.30397236614853196,0.0069084628670120895,0.16062176165803108,0.17962003454231434,-0.18621050824897162,1
Team L,Team L#15,191,40,-0.4407837468234674,-0.002307768307976269,0.030032393884547537,0.10471204188481675,0.3036649214659686,0.015706806282722512,0.193717277486911,0.28272251308900526,-0.23077683079762693,1
Team L,Team L#16,678,91,-1.502538655788289,-0.002216133710602196,0.034709399294032106,0.058997050147492625,0.32448377581120946,0.038348082595870206,0.11504424778761062,0.1887905604719764,-0.22161337106021958,1
Team L,Team L#17,698,135,-0.07190978898933117,-0.0001030226203285547,0.042895124253428375,0.10744985673352435,0.30515759312320917,0.05873925501432665,0.18911174785100288,0.23638968481375358,-0.01030226203285547,1
Team L,Team L#18,252,51,-0.7182611021208658,-0.0028502424687335943,0.03563998095689737,0.047619047619047616,0.373015873015873,0.11507936507936507,0.10714285714285714,0.36904761904761907,-0.2850242468733594,1
Team L,Team L#20,732,103,0.11764368717377388,0.0001607154196363031,0.02404749295244104,0.06420765027322405,0.24453551912568305,0.0546448087431694,0.1366120218579235,0.23770491803278687,0.016071541963630313,1
Team L,Team L#21,465,90,-1.4546716087612535,-0.0031283260403467818,0.03256069227096408,0.060215053763440864,0.32903225806451614,0.03225806451612903,0.16559139784946236,0.17204301075268819,-0.31283260403467816,1
Team L,Team L#24,281,79,-0.3293331226137933,-0.0011720039950668803,0.017119025957127422,0.017793594306049824,0.060498220640569395,0.0,0.06405693950177936,0.2099644128113879,-0.11720039950668802,0
Team L,Team L#25,479,76,-0.8792546054973338,-0.0018356046043785674,0.03588889461794446,0.06680584551148225,0.25260960334029225,0.1022964509394572,0.14613778705636743,0.12108559498956159,-0.18356046043785676,1
Team L,Team L#26,151,40,-0.33024723351570123,-0.0021870677716271606,0.024310076220143174,0.11920529801324503,0.2582781456953642,0.0,0.10596026490066225,0.2781456953642384,-0.21870677716271605,1
Team L,Team L#28,501,95,0.00828128502809225,1.6529511034116266e-05,0.04007372878303179,0.0998003992015968,0.30538922155688625,0.06187624750499002,0.12375249500998003,0.31736526946107785,0.0016529511034116269,1
Team L,Team L#29,652,125,-0.6240848399551218,-0.0009571853373544812,0.014246124474406227,0.03374233128834356,0.04294478527607362,0.0,0.10276073619631902,0.16411042944785276,-0.09571853373544813,0
Team L,Team L#3,401,109,-0.6440416509519489,-0.0016060889051170795,0.01814887334361382,0.06483790523690773,0.059850374064837904,0.012468827930174564,0.14713216957605985,0.16209476309226933,-0.16060889051170793,1
Team L,Team L#34,527,70,-2.301533872792796,-0.00436723695027096,0.03665629468628695,0.13282732447817835,0.3377609108159393,0.14041745730550284,0.14231499051233396,0.34345351043643263,-0.436723695027096,1
Team L,Team L#36,393,76,0.1751646048849016,0.00044571146281145447,0.035430852626011214,0.07633587786259542,0.2748091603053435,0.022900763358778626,0.178117048346056,0.21628498727735368,0.044571146281145446,1
Team L,Team L#4,585,119,-1.0424720885730692,-0.0017820035702103747,0.02025970716067886,0.04957264957264957,0.12478632478632479,0.0,0.1658119658119658,0.20341880341880342,-0.17820035702103745,1
Team L,Team L#47,317,48,0.733595962020481,0.0023141828454904764,0.013256733268784135,0.06624605678233439,0.0946372239747634,0.0,0.14195583596214512,0.17034700315457413,0.23141828454904767,1
Team L,Team L#6,153,59,0.8709773396404098,0.005692662350590913,0.0211345605083907,0.026143790849673203,0.12418300653594772,0.026143790849673203,0.16339869281045752,0.2875816993464052,0.5692662350590914,1
Team L,Team L#8,405,62,-1.8494432886212777,-0.004566526638571056,0.03650995073595806,0.0691358024691358,0.362962962962963,0.022222222222222223,0.1308641975308642,0.18271604938271604,-0.4566526638571056,1
Team L,Team L@id1024,1,1,0.0,0.0,,0.0,0.0,0.0,0.0,1.0,0.0,3
Team L,Team L@id11233,1,1,0.0,0.0,,0.0,0.0,0.0,0.0,0.0,0.0,0
Team L,Team L@id12369,16,6,0.0,0.0,0.0,0.0,0.0,0.0,0.0,0.0,0.0,0
Team L,Team L@id12382,34,6,3.846213821767641e-06,1.1312393593434238e-07,6.596202285887122e-07,0.0,0.0,0.0,0.0,0.29411764705882354,1.1312393593434238e-05,0
Team L,Team L@id12456,1,1,0.0,0.0,,0.0,0.0,0.0,0.0,0.0,0.0,0
Team L,Team L@id1828,2,1,0.0,0.0,0.0,0.0,0.0,0.0,0.0,0.0,0.0,0
Team L,Team L@id2399,1,1,0.0,0.0,,0.0,0.0,0.0,0.0,1.0,0.0,3
Team L,Team L@id2706,1,1,0.0,0.0,,0.0,0.0,0.0,0.0,0.0,0.0,0
Team L,Team L@id3835,1,1,0.0,0.0,,0.0,0.0,0.0,0.0,0.0,0.0,0
Team L,Team L@id3989,9,6,0.0,0.0,0.0,0.0,0.0,0.0,0.0,0.0,0.0,0
Team L,Team L@id4388,1,1,0.0,0.0,,0.0,0.0,0.0,0.0,0.0,0.0,0
Team L,Team L@id4473,1,1,0.0,0.0,,0.0,0.0,0.0,0.0,0.0,0.0,0
Team L,Team L@id4481,8,8,0.0,0.0,0.0,0.0,0.0,0.0,0.0,0.0,0.0,0
Team L,Team L@id4729,11,4,0.0,0.0,0.0,0.0,0.0,0.0,0.0,1.0,0.0,3
Team L,Team L@id4775,2,1,0.0,0.0,0.0,0.0,0.0,0.0,0.0,0.0,0.0,0
Team L,Team L@id4795,2,2,0.0,0.0,0.0,0.0,0.0,0.0,0.0,0.0,0.0,0
Team L,Team L@id4815,4,4,0.0,0.0,0.0,0.0,0.0,0.0,0.0,1.0,0.0,3
Team L,Team L@id5033,1,1,0.0,0.0,,0.0,0.0,0.0,0.0,0.0,0.0,0
Team L,Team L@id5297,2,2,0.0,0.0,0.0,0.0,0.0,0.0,0.0,0.0,0.0,0
Team L,Team L@id6303,5,5,0.0,0.0,0.0,0.0,0.0,0.2,0.0,0.0,0.0,0
Team L,Team L@id6309,24,6,-0.0007371466630079482,-3.071444429199784e-05,6.207359734448656e-05,0.0,0.0,0.0,0.0,0.0,-0.0030714444291997842,0
Team L,Team L@id6312,2,2,0.1332547190952712,0.0666273595476356,0.09422531549737478,0.0,0.0,0.0,0.0,0.0,6.66273595476356,4
Team L,Team L@id7298,1,1,0.0,0.0,,0.0,0.0,0.0,0.0,1.0,0.0,3
Team L,Team L@id7379,5,5,0.0,0.0,0.0,0.0,0.0,1.0,0.0,1.0,0.0,2
Team L,Team L@id7935,1,1,0.0,0.0,,0.0,0.0,0.0,0.0,0.0,0.0,0
Team L,Team L@id8294,1,1,0.0,0.0,,0.0,0.0,1.0,0.0,0.0,0.0,2
Team L,Team L@id8468,1,1,0.0,0.0,,0.0,0.0,0.0,0.0,0.0,0.0,0
Team L,Team L@id8758,1,1,0.0,0.0,,0.0,0.0,0.0,0.0,0.0,0.0,0
Team L,Team L@id8783,2,2,0.0,0.0,0.0,0.0,0.0,0.0,0.0,0.0,0.0,0
Team L,Team L@id8855,14,4,-0.00014846863431550172,-1.0604902451107265e-05,3.3611697109944755e-05,0.0,0.0,0.0,0.0,0.0,-0.0010604902451107265,0
